Timestamp,Consumption,InstantaneousChange,Hour,Date
1720220400,0.20,0.00,18,2024-07-05
1720224000,0.62,0.42,19,2024-07-05
1720227600,1.03,0.41,20,2024-07-05
1720231200,1.45,0.42,21,2024-07-05
1720234800,1.85,0.4,22,2024-07-05
1720238400,2.22,0.37,23,2024-07-05
1720242000,2.45,0.23,00,2024-07-06
1720245600,2.62,0.17,01,2024-07-06
1720249200,2.79,0.17,02,2024-07-06
1720252800,2.96,0.17,03,2024-07-06
1720256400,3.14,0.18,04,2024-07-06
1720260000,3.31,0.17,05,2024-07-06
1720263600,3.48,0.17,06,2024-07-06
1720267200,3.65,0.17,07,2024-07-06
1720270800,3.82,0.17,08,2024-07-06
1720274400,3.99,0.17,09,2024-07-06
1720278000,4.36,0.37,10,2024-07-06
1720281600,4.79,0.43,11,2024-07-06
1720285200,5.21,0.42,12,2024-07-06
1720288800,5.63,0.42,13,2024-07-06
1720292400,6.06,0.43,14,2024-07-06
1720296000,6.46,0.4,15,2024-07-06
1720299600,6.85,0.39,16,2024-07-06
1720303200,7.24,0.39,17,2024-07-06
1720306800,7.63,0.39,18,2024-07-06
1720310400,8.03,0.4,19,2024-07-06
1720314000,8.38,0.35,20,2024-07-06
1720317600,8.72,0.34,21,2024-07-06
1720321200,9.07,0.35,22,2024-07-06
1720324800,9.44,0.37,23,2024-07-06
1720328400,9.80,0.36,00,2024-07-07
1720332000,9.98,0.18,01,2024-07-07
1720335600,10.16,0.18,02,2024-07-07
1720339200,10.34,0.18,03,2024-07-07
1720342800,10.51,0.17,04,2024-07-07
1720346400,10.69,0.18,05,2024-07-07
1720350000,10.87,0.18,06,2024-07-07
1720353600,11.05,0.18,07,2024-07-07
1720357200,11.23,0.18,08,2024-07-07
1720360800,11.40,0.17,09,2024-07-07
1720364400,11.58,0.18,10,2024-07-07
1720368000,11.85,0.27,11,2024-07-07
1720371600,12.26,0.41,12,2024-07-07
1720375200,12.68,0.42,13,2024-07-07
1720378800,13.06,0.38,14,2024-07-07
1720382400,13.44,0.38,15,2024-07-07
1720386000,13.82,0.38,16,2024-07-07
1720389600,14.19,0.37,17,2024-07-07
1720393200,14.57,0.38,18,2024-07-07
1720396800,14.97,0.4,19,2024-07-07
1720400400,15.36,0.39,20,2024-07-07
1720404000,15.76,0.4,21,2024-07-07
1720407600,16.15,0.39,22,2024-07-07
1720411200,16.39,0.24,23,2024-07-07
1720414800,16.62,0.23,00,2024-07-08
1720418400,16.85,0.23,01,2024-07-08
1720422000,17.08,0.23,02,2024-07-08
1720425600,17.31,0.23,03,2024-07-08
1720429200,17.54,0.23,04,2024-07-08
1720432800,17.77,0.23,05,2024-07-08
1720436400,17.99,0.22,06,2024-07-08
1720440000,18.22,0.23,07,2024-07-08
1720443600,18.45,0.23,08,2024-07-08
1720447200,18.68,0.23,09,2024-07-08
1720450800,18.96,0.28,10,2024-07-08
1720454400,19.35,0.39,11,2024-07-08
1720458000,19.73,0.38,12,2024-07-08
1720461600,20.12,0.39,13,2024-07-08
1720465200,20.50,0.38,14,2024-07-08
1720468800,20.86,0.36,15,2024-07-08
1720472400,21.10,0.24,16,2024-07-08
1720476000,21.34,0.24,17,2024-07-08
1720479600,21.59,0.25,18,2024-07-08
1720483200,21.83,0.24,19,2024-07-08
1720486800,22.07,0.24,20,2024-07-08
1720490400,22.32,0.25,21,2024-07-08
1720494000,22.56,0.24,22,2024-07-08
1720497600,22.80,0.24,23,2024-07-08
1720501200,23.04,0.24,00,2024-07-09
1720504800,23.29,0.25,01,2024-07-09
1720508400,23.53,0.24,02,2024-07-09
1720512000,23.77,0.24,03,2024-07-09
1720515600,24.02,0.25,04,2024-07-09
1720519200,24.26,0.24,05,2024-07-09
1720522800,24.50,0.24,06,2024-07-09
1720526400,24.75,0.25,07,2024-07-09
1720530000,24.99,0.24,08,2024-07-09
1720533600,25.23,0.24,09,2024-07-09
1720537200,25.47,0.24,10,2024-07-09
1720540800,25.72,0.25,11,2024-07-09
1720544400,25.96,0.24,12,2024-07-09
1720548000,26.20,0.24,13,2024-07-09
1720551600,26.45,0.25,14,2024-07-09
1720555200,26.69,0.24,15,2024-07-09
1720558800,26.93,0.24,16,2024-07-09
1720562400,27.17,0.24,17,2024-07-09
1720566000,27.41,0.24,18,2024-07-09
1720569600,27.66,0.25,19,2024-07-09
1720573200,27.90,0.24,20,2024-07-09
1720576800,28.14,0.24,21,2024-07-09
1720580400,28.38,0.24,22,2024-07-09
1720584000,28.62,0.24,23,2024-07-09
1720587600,28.86,0.24,00,2024-07-10
1720591200,29.11,0.25,01,2024-07-10
1720594800,29.35,0.24,02,2024-07-10
1720598400,29.59,0.24,03,2024-07-10
1720602000,29.83,0.24,04,2024-07-10
1720605600,30.07,0.24,05,2024-07-10
1720609200,30.31,0.24,06,2024-07-10
1720612800,30.55,0.24,07,2024-07-10
1720616400,30.80,0.25,08,2024-07-10
1720620000,31.04,0.24,09,2024-07-10
1720623600,31.28,0.24,10,2024-07-10
1720627200,31.52,0.24,11,2024-07-10
1720630800,31.76,0.24,12,2024-07-10
1720634400,32.00,0.24,13,2024-07-10
1720638000,32.25,0.25,14,2024-07-10
1720641600,32.49,0.24,15,2024-07-10
1720645200,32.73,0.24,16,2024-07-10
1720648800,32.97,0.24,17,2024-07-10
1720652400,33.21,0.24,18,2024-07-10
1720656000,33.45,0.24,19,2024-07-10
1720659600,33.70,0.25,20,2024-07-10
1720663200,33.94,0.24,21,2024-07-10
1720666800,34.18,0.24,22,2024-07-10
1720670400,34.42,0.24,23,2024-07-10
1720674000,34.66,0.24,00,2024-07-11
1720677600,34.90,0.24,01,2024-07-11
1720681200,35.14,0.24,02,2024-07-11
1720684800,35.39,0.25,03,2024-07-11
1720688400,35.63,0.24,04,2024-07-11
1720692000,35.87,0.24,05,2024-07-11
1720695600,36.11,0.24,06,2024-07-11
1720699200,36.35,0.24,07,2024-07-11
1720702800,36.59,0.24,08,2024-07-11
1720706400,36.84,0.25,09,2024-07-11
1720710000,37.08,0.24,10,2024-07-11
1720713600,37.32,0.24,11,2024-07-11
1720717200,37.56,0.24,12,2024-07-11
1720720800,37.80,0.24,13,2024-07-11
1720724400,38.04,0.24,14,2024-07-11
1720728000,38.31,0.27,15,2024-07-11
1720731600,38.96,0.65,16,2024-07-11
1720735200,39.51,0.55,17,2024-07-11
1720738800,39.90,0.39,18,2024-07-11
1720742400,40.55,0.65,19,2024-07-11
1720746000,41.02,0.47,20,2024-07-11
1720749600,41.40,0.38,21,2024-07-11
1720753200,41.76,0.36,22,2024-07-11
1720756800,42.22,0.46,23,2024-07-11
1720760400,42.65,0.43,00,2024-07-12
1720764000,43.01,0.36,01,2024-07-12
1720767600,43.38,0.37,02,2024-07-12
1720771200,43.75,0.37,03,2024-07-12
1720774800,44.11,0.36,04,2024-07-12
1720778400,44.48,0.37,05,2024-07-12
1720782000,44.85,0.37,06,2024-07-12
1720785600,45.21,0.36,07,2024-07-12
1720789200,45.58,0.37,08,2024-07-12
1720792800,45.95,0.37,09,2024-07-12
1720796400,46.31,0.36,10,2024-07-12
1720800000,46.69,0.38,11,2024-07-12
1720803600,47.15,0.46,12,2024-07-12
1720807200,47.60,0.45,13,2024-07-12
1720810800,48.05,0.45,14,2024-07-12
1720814400,48.44,0.39,15,2024-07-12
1720818000,48.82,0.38,16,2024-07-12
1720821600,49.40,0.58,17,2024-07-12
1720825200,49.79,0.39,18,2024-07-12
1720828800,50.10,0.31,19,2024-07-12
1720832400,50.43,0.33,20,2024-07-12
1720836000,50.86,0.43,21,2024-07-12
1720839600,51.28,0.42,22,2024-07-12
1720843200,51.71,0.43,23,2024-07-12
1720846800,52.14,0.43,00,2024-07-13
1720850400,52.57,0.43,01,2024-07-13
1720854000,53.00,0.43,02,2024-07-13
1720857600,53.43,0.43,03,2024-07-13
1720861200,53.86,0.43,04,2024-07-13
1720864800,54.29,0.43,05,2024-07-13
1720868400,54.72,0.43,06,2024-07-13
1720872000,55.14,0.42,07,2024-07-13
1720875600,55.57,0.43,08,2024-07-13
1720879200,56.00,0.43,09,2024-07-13
1720882800,56.22,0.22,10,2024-07-13
1720886400,56.32,0.1,11,2024-07-13
1720890000,56.42,0.1,12,2024-07-13
1720893600,56.51,0.09,13,2024-07-13
1720897200,56.61,0.1,14,2024-07-13
1720900800,56.71,0.1,15,2024-07-13
1720904400,56.80,0.09,16,2024-07-13
1720908000,56.90,0.1,17,2024-07-13
1720911600,57.00,0.1,18,2024-07-13
1720915200,57.10,0.1,19,2024-07-13
1720918800,57.19,0.09,20,2024-07-13
1720922400,57.29,0.1,21,2024-07-13
1720926000,57.39,0.1,22,2024-07-13
1720929600,57.70,0.31,23,2024-07-13
1720933200,58.05,0.35,00,2024-07-14
1720936800,58.33,0.28,01,2024-07-14
1720940400,58.60,0.27,02,2024-07-14
1720944000,58.86,0.26,03,2024-07-14
1720947600,59.13,0.27,04,2024-07-14
1720951200,59.40,0.27,05,2024-07-14
1720954800,59.66,0.26,06,2024-07-14
1720958400,59.93,0.27,07,2024-07-14
1720962000,60.20,0.27,08,2024-07-14
1720965600,60.46,0.26,09,2024-07-14
1720969200,60.73,0.27,10,2024-07-14
1720972800,61.20,0.47,11,2024-07-14
1720976400,61.88,0.68,12,2024-07-14
1720980000,62.55,0.67,13,2024-07-14
1720983600,62.99,0.44,14,2024-07-14
1720987200,63.40,0.41,15,2024-07-14
1720990800,63.80,0.4,16,2024-07-14
1720994400,64.11,0.31,17,2024-07-14
1720998000,64.44,0.33,18,2024-07-14
1721001600,64.85,0.41,19,2024-07-14
1721005200,65.28,0.43,20,2024-07-14
1721008800,65.72,0.44,21,2024-07-14
1721012400,66.16,0.44,22,2024-07-14
1721016000,66.61,0.45,23,2024-07-14
1721019600,67.05,0.44,00,2024-07-15
1721023200,67.50,0.45,01,2024-07-15
1721026800,67.94,0.44,02,2024-07-15
1721030400,68.38,0.44,03,2024-07-15
1721034000,68.83,0.45,04,2024-07-15
1721037600,69.27,0.44,05,2024-07-15
1721041200,69.71,0.44,06,2024-07-15
1721044800,70.16,0.45,07,2024-07-15
1721048400,70.60,0.44,08,2024-07-15
1721052000,71.05,0.45,09,2024-07-15
1721055600,71.49,0.44,10,2024-07-15
1721059200,71.93,0.44,11,2024-07-15
1721062800,72.38,0.45,12,2024-07-15
1721066400,72.83,0.45,13,2024-07-15
1721070000,73.30,0.47,14,2024-07-15
1721073600,73.78,0.48,15,2024-07-15
1721077200,74.25,0.47,16,2024-07-15
1721080800,75.00,0.75,17,2024-07-15
1721084400,75.83,0.83,18,2024-07-15
1721088000,76.67,0.84,19,2024-07-15
1721091600,77.51,0.84,20,2024-07-15
1721095200,78.04,0.53,21,2024-07-15
1721098800,78.40,0.36,22,2024-07-15
1721102400,78.76,0.36,23,2024-07-15
1721106000,79.12,0.36,00,2024-07-16
1721109600,79.48,0.36,01,2024-07-16
1721113200,79.84,0.36,02,2024-07-16
1721116800,80.20,0.36,03,2024-07-16
1721120400,80.56,0.36,04,2024-07-16
1721124000,80.92,0.36,05,2024-07-16
1721127600,81.28,0.36,06,2024-07-16
1721131200,81.64,0.36,07,2024-07-16
1721134800,82.00,0.36,08,2024-07-16
1721138400,82.36,0.36,09,2024-07-16
1721142000,82.82,0.46,10,2024-07-16
1721145600,83.40,0.58,11,2024-07-16
1721149200,83.95,0.55,12,2024-07-16
1721152800,84.44,0.49,13,2024-07-16
1721156400,84.93,0.49,14,2024-07-16
1721160000,85.42,0.49,15,2024-07-16
1721163600,85.91,0.49,16,2024-07-16
1721167200,86.35,0.44,17,2024-07-16
1721170800,86.75,0.4,18,2024-07-16
1721174400,87.15,0.4,19,2024-07-16
1721178000,87.56,0.41,20,2024-07-16
1721181600,87.96,0.4,21,2024-07-16
1721185200,88.36,0.4,22,2024-07-16
1721188800,88.77,0.41,23,2024-07-16
1721192400,89.17,0.4,00,2024-07-17
1721196000,89.58,0.41,01,2024-07-17
1721199600,89.98,0.4,02,2024-07-17
1721203200,90.38,0.4,03,2024-07-17
1721206800,90.79,0.41,04,2024-07-17
1721210400,91.19,0.4,05,2024-07-17
1721214000,91.59,0.4,06,2024-07-17
1721217600,92.00,0.41,07,2024-07-17
1721221200,92.40,0.4,08,2024-07-17
1721224800,92.80,0.4,09,2024-07-17
1721228400,93.21,0.41,10,2024-07-17
1721232000,93.39,0.18,11,2024-07-17
1721235600,93.50,0.11,12,2024-07-17
1721239200,93.61,0.11,13,2024-07-17
1721242800,93.72,0.11,14,2024-07-17
1721246400,93.84,0.12,15,2024-07-17
1721250000,93.95,0.11,16,2024-07-17
1721253600,94.06,0.11,17,2024-07-17
1721257200,94.17,0.11,18,2024-07-17
1721260800,94.28,0.11,19,2024-07-17
1721264400,94.40,0.12,20,2024-07-17
1721268000,94.51,0.11,21,2024-07-17
1721271600,94.62,0.11,22,2024-07-17
1721275200,94.73,0.11,23,2024-07-17
1721278800,94.84,0.11,00,2024-07-18
1721282400,94.96,0.12,01,2024-07-18
1721286000,95.07,0.11,02,2024-07-18
1721289600,95.18,0.11,03,2024-07-18
1721293200,95.29,0.11,04,2024-07-18
1721296800,95.41,0.12,05,2024-07-18
1721300400,95.52,0.11,06,2024-07-18
1721304000,95.63,0.11,07,2024-07-18
1721307600,95.74,0.11,08,2024-07-18
1721311200,95.85,0.11,09,2024-07-18
1721314800,95.97,0.12,10,2024-07-18
1721318400,96.08,0.11,11,2024-07-18
1721322000,96.19,0.11,12,2024-07-18
1721325600,96.30,0.11,13,2024-07-18
1721329200,96.41,0.11,14,2024-07-18
1721332800,96.53,0.12,15,2024-07-18
1721336400,96.64,0.11,16,2024-07-18
1721340000,96.75,0.11,17,2024-07-18
1721343600,96.86,0.11,18,2024-07-18
1721347200,96.97,0.11,19,2024-07-18
1721350800,97.09,0.12,20,2024-07-18
1721354400,97.20,0.11,21,2024-07-18
1721358000,97.31,0.11,22,2024-07-18
1721361600,97.42,0.11,23,2024-07-18
1721365200,97.54,0.12,00,2024-07-19
1721368800,97.65,0.11,01,2024-07-19
1721372400,97.76,0.11,02,2024-07-19
1721376000,97.87,0.11,03,2024-07-19
1721379600,97.98,0.11,04,2024-07-19
1721383200,98.10,0.12,05,2024-07-19
1721386800,98.21,0.11,06,2024-07-19
1721390400,98.32,0.11,07,2024-07-19
1721394000,98.43,0.11,08,2024-07-19
1721397600,98.54,0.11,09,2024-07-19
1721401200,98.66,0.12,10,2024-07-19
1721404800,98.77,0.11,11,2024-07-19
1721408400,98.88,0.11,12,2024-07-19
1721412000,98.99,0.11,13,2024-07-19
1721415600,99.11,0.12,14,2024-07-19
1721419200,99.22,0.11,15,2024-07-19
1721422800,99.33,0.11,16,2024-07-19
1721426400,99.44,0.11,17,2024-07-19
1721430000,99.55,0.11,18,2024-07-19
1721433600,99.67,0.12,19,2024-07-19
1721437200,99.78,0.11,20,2024-07-19
1721440800,100.26,0.48,21,2024-07-19
1721444400,100.74,0.48,22,2024-07-19
1721448000,101.22,0.48,23,2024-07-19
1721451600,101.70,0.48,00,2024-07-20
1721455200,102.18,0.48,01,2024-07-20
1721458800,102.67,0.49,02,2024-07-20
1721462400,103.15,0.48,03,2024-07-20
1721466000,103.63,0.48,04,2024-07-20
1721469600,104.11,0.48,05,2024-07-20
1721473200,104.59,0.48,06,2024-07-20
1721476800,105.08,0.49,07,2024-07-20
1721480400,105.56,0.48,08,2024-07-20
1721484000,106.04,0.48,09,2024-07-20
1721487600,106.52,0.48,10,2024-07-20
1721491200,107.00,0.48,11,2024-07-20
1721494800,107.49,0.49,12,2024-07-20
1721498400,107.99,0.5,13,2024-07-20
1721502000,108.49,0.5,14,2024-07-20
1721505600,109.00,0.51,15,2024-07-20
1721509200,109.48,0.48,16,2024-07-20
1721512800,109.95,0.47,17,2024-07-20
1721516400,110.40,0.45,18,2024-07-20
1721520000,110.85,0.45,19,2024-07-20
1721523600,111.45,0.6,20,2024-07-20
1721527200,112.29,0.84,21,2024-07-20
1721530800,113.14,0.85,22,2024-07-20
1721534400,113.98,0.84,23,2024-07-20
1721538000,114.82,0.84,00,2024-07-21
1721541600,115.30,0.48,01,2024-07-21
1721545200,115.60,0.3,02,2024-07-21
1721548800,115.90,0.3,03,2024-07-21
1721552400,116.20,0.3,04,2024-07-21
1721556000,116.50,0.3,05,2024-07-21
1721559600,116.80,0.3,06,2024-07-21
1721563200,117.10,0.3,07,2024-07-21
1721566800,117.40,0.3,08,2024-07-21
1721570400,117.71,0.31,09,2024-07-21
1721574000,118.14,0.43,10,2024-07-21
1721577600,118.83,0.69,11,2024-07-21
1721581200,119.52,0.69,12,2024-07-21
1721584800,120.21,0.69,13,2024-07-21
1721588400,120.89,0.68,14,2024-07-21
1721592000,121.33,0.44,15,2024-07-21
1721595600,121.73,0.4,16,2024-07-21
1721599200,122.13,0.4,17,2024-07-21
1721602800,122.66,0.53,18,2024-07-21
1721606400,123.35,0.69,19,2024-07-21
1721610000,124.04,0.69,20,2024-07-21
1721613600,124.73,0.69,21,2024-07-21
1721617200,125.35,0.62,22,2024-07-21
1721620800,125.84,0.49,23,2024-07-21
1721624400,126.33,0.49,00,2024-07-22
1721628000,126.82,0.49,01,2024-07-22
1721631600,127.31,0.49,02,2024-07-22
1721635200,127.80,0.49,03,2024-07-22
1721638800,128.29,0.49,04,2024-07-22
1721642400,128.78,0.49,05,2024-07-22
1721646000,129.27,0.49,06,2024-07-22
1721649600,129.76,0.49,07,2024-07-22
1721653200,130.25,0.49,08,2024-07-22
1721656800,130.74,0.49,09,2024-07-22
1721660400,131.23,0.49,10,2024-07-22
1721664000,131.69,0.46,11,2024-07-22
1721667600,132.10,0.41,12,2024-07-22
1721671200,132.51,0.41,13,2024-07-22
1721674800,132.89,0.38,14,2024-07-22
1721678400,133.35,0.46,15,2024-07-22
1721682000,133.85,0.5,16,2024-07-22
1721685600,134.35,0.5,17,2024-07-22
1721689200,134.86,0.51,18,2024-07-22
1721692800,135.36,0.5,19,2024-07-22
1721696400,135.85,0.49,20,2024-07-22
1721700000,136.28,0.43,21,2024-07-22
1721703600,136.70,0.42,22,2024-07-22
1721707200,137.12,0.42,23,2024-07-22
1721710800,137.55,0.43,00,2024-07-23
1721714400,137.90,0.35,01,2024-07-23
1721718000,138.23,0.33,02,2024-07-23
1721721600,138.57,0.34,03,2024-07-23
1721725200,138.91,0.34,04,2024-07-23
1721728800,139.25,0.34,05,2024-07-23
1721732400,139.58,0.33,06,2024-07-23
1721736000,139.92,0.34,07,2024-07-23
1721739600,140.26,0.34,08,2024-07-23
1721743200,140.60,0.34,09,2024-07-23
1721746800,140.94,0.34,10,2024-07-23
1721750400,141.40,0.46,11,2024-07-23
1721754000,141.86,0.46,12,2024-07-23
1721757600,142.32,0.46,13,2024-07-23
1721761200,142.77,0.45,14,2024-07-23
1721764800,143.24,0.47,15,2024-07-23
1721768400,143.70,0.46,16,2024-07-23
1721772000,144.17,0.47,17,2024-07-23
1721775600,144.75,0.58,18,2024-07-23
1721779200,145.34,0.59,19,2024-07-23
1721782800,145.93,0.59,20,2024-07-23
1721786400,146.52,0.59,21,2024-07-23
1721790000,147.11,0.59,22,2024-07-23
1721793600,147.70,0.59,23,2024-07-23
1721797200,148.29,0.59,00,2024-07-24
1721800800,148.75,0.46,01,2024-07-24
1721804400,149.18,0.43,02,2024-07-24
1721808000,149.61,0.43,03,2024-07-24
1721811600,150.03,0.42,04,2024-07-24
1721815200,150.46,0.43,05,2024-07-24
1721818800,150.89,0.43,06,2024-07-24
1721822400,151.32,0.43,07,2024-07-24
1721826000,151.74,0.42,08,2024-07-24
1721829600,152.17,0.43,09,2024-07-24
1721833200,152.60,0.43,10,2024-07-24
1721836800,153.15,0.55,11,2024-07-24
1721840400,153.71,0.56,12,2024-07-24
1721844000,154.27,0.56,13,2024-07-24
1721847600,154.83,0.56,14,2024-07-24
1721851200,155.39,0.56,15,2024-07-24
1721854800,155.94,0.55,16,2024-07-24
1721858400,156.50,0.56,17,2024-07-24
1721862000,157.06,0.56,18,2024-07-24
1721865600,157.62,0.56,19,2024-07-24
1721869200,158.25,0.63,20,2024-07-24
1721872800,159.24,0.99,21,2024-07-24
1721876400,160.24,1,22,2024-07-24
1721880000,161.24,1,23,2024-07-24
1721883600,161.70,0.46,00,2024-07-25
1721887200,162.03,0.33,01,2024-07-25
1721890800,162.35,0.32,02,2024-07-25
1721894400,162.67,0.32,03,2024-07-25
1721898000,162.99,0.32,04,2024-07-25
1721901600,163.31,0.32,05,2024-07-25
1721905200,163.63,0.32,06,2024-07-25
1721908800,163.95,0.32,07,2024-07-25
1721912400,164.27,0.32,08,2024-07-25
1721916000,164.59,0.32,09,2024-07-25
1721919600,164.91,0.32,10,2024-07-25
1721923200,165.28,0.37,11,2024-07-25
1721926800,165.68,0.4,12,2024-07-25
1721930400,166.08,0.4,13,2024-07-25
1721934000,166.54,0.46,14,2024-07-25
1721937600,167.22,0.68,15,2024-07-25
1721941200,167.89,0.67,16,2024-07-25
1721944800,168.51,0.62,17,2024-07-25
1721948400,168.95,0.44,18,2024-07-25
1721952000,169.38,0.43,19,2024-07-25
1721955600,169.82,0.44,20,2024-07-25
1721959200,170.26,0.44,21,2024-07-25
1721962800,170.69,0.43,22,2024-07-25
1721966400,171.13,0.44,23,2024-07-25
1721970000,171.57,0.44,00,2024-07-26
1721973600,171.96,0.39,01,2024-07-26
1721977200,172.29,0.33,02,2024-07-26
1721980800,172.63,0.34,03,2024-07-26
1721984400,172.97,0.34,04,2024-07-26
1721988000,173.30,0.33,05,2024-07-26
1721991600,173.64,0.34,06,2024-07-26
1721995200,173.98,0.34,07,2024-07-26
1721998800,174.31,0.33,08,2024-07-26
1722002400,174.65,0.34,09,2024-07-26
1722006000,174.99,0.34,10,2024-07-26
1722009600,175.32,0.33,11,2024-07-26
1722013200,175.66,0.34,12,2024-07-26
1722016800,176.00,0.34,13,2024-07-26
1722020400,176.41,0.41,14,2024-07-26
1722024000,176.82,0.41,15,2024-07-26
1722027600,177.23,0.41,16,2024-07-26
1722031200,177.64,0.41,17,2024-07-26
1722034800,178.29,0.65,18,2024-07-26
1722038400,179.34,1.05,19,2024-07-26
1722042000,180.38,1.04,20,2024-07-26
1722045600,181.43,1.05,21,2024-07-26
1722049200,182.48,1.05,22,2024-07-26
1722052800,183.53,1.05,23,2024-07-26
1722056400,184.07,0.54,00,2024-07-27
1722060000,184.37,0.3,01,2024-07-27
1722063600,184.56,0.19,02,2024-07-27
1722067200,184.75,0.19,03,2024-07-27
1722070800,184.94,0.19,04,2024-07-27
1722074400,185.12,0.18,05,2024-07-27
1722078000,185.31,0.19,06,2024-07-27
1722081600,185.50,0.19,07,2024-07-27
1722085200,185.69,0.19,08,2024-07-27
1722088800,185.88,0.19,09,2024-07-27
1722092400,186.16,0.28,10,2024-07-27
1722096000,186.63,0.47,11,2024-07-27
1722099600,187.10,0.47,12,2024-07-27
1722103200,187.57,0.47,13,2024-07-27
1722106800,188.04,0.47,14,2024-07-27
1722110400,188.51,0.47,15,2024-07-27
1722114000,188.99,0.48,16,2024-07-27
1722117600,189.46,0.47,17,2024-07-27
1722121200,190.15,0.69,18,2024-07-27
1722124800,191.15,1,19,2024-07-27
1722128400,192.23,1.08,20,2024-07-27
1722132000,193.30,1.07,21,2024-07-27
1722135600,194.38,1.08,22,2024-07-27
1722139200,195.45,1.07,23,2024-07-27
1722142800,196.09,0.64,00,2024-07-28
1722146400,196.41,0.32,01,2024-07-28
1722150000,196.74,0.33,02,2024-07-28
1722153600,197.06,0.32,03,2024-07-28
1722157200,197.39,0.33,04,2024-07-28
1722160800,197.71,0.32,05,2024-07-28
1722164400,198.03,0.32,06,2024-07-28
1722168000,198.36,0.33,07,2024-07-28
1722171600,198.68,0.32,08,2024-07-28
1722175200,199.01,0.33,09,2024-07-28
1722178800,199.33,0.32,10,2024-07-28
1722182400,199.73,0.4,11,2024-07-28
1722186000,200.20,0.47,12,2024-07-28
1722189600,200.67,0.47,13,2024-07-28
1722193200,201.11,0.44,14,2024-07-28
1722196800,201.52,0.41,15,2024-07-28
1722200400,201.93,0.41,16,2024-07-28
1722204000,202.34,0.41,17,2024-07-28
1722207600,202.76,0.42,18,2024-07-28
1722211200,203.17,0.41,19,2024-07-28
1722214800,203.58,0.41,20,2024-07-28
1722218400,203.99,0.41,21,2024-07-28
1722222000,204.65,0.66,22,2024-07-28
1722225600,205.39,0.74,23,2024-07-28
1722229200,206.12,0.73,00,2024-07-29
1722232800,206.47,0.35,01,2024-07-29
1722236400,206.81,0.34,02,2024-07-29
1722240000,207.16,0.35,03,2024-07-29
1722243600,207.51,0.35,04,2024-07-29
1722247200,207.86,0.35,05,2024-07-29
1722250800,208.21,0.35,06,2024-07-29
1722254400,208.56,0.35,07,2024-07-29
1722258000,208.91,0.35,08,2024-07-29
1722261600,209.25,0.34,09,2024-07-29
1722265200,209.60,0.35,10,2024-07-29
1722268800,209.95,0.35,11,2024-07-29
1722272400,210.59,0.64,12,2024-07-29
1722276000,211.25,0.66,13,2024-07-29
1722279600,211.70,0.45,14,2024-07-29
1722283200,212.15,0.45,15,2024-07-29
1722286800,212.60,0.45,16,2024-07-29
1722290400,213.05,0.45,17,2024-07-29
1722294000,213.50,0.45,18,2024-07-29
1722297600,213.95,0.45,19,2024-07-29
1722301200,214.40,0.45,20,2024-07-29
1722304800,215.07,0.67,21,2024-07-29
1722308400,215.73,0.66,22,2024-07-29
1722312000,216.40,0.67,23,2024-07-29
1722315600,217.07,0.67,00,2024-07-30
1722319200,217.73,0.66,01,2024-07-30
1722322800,218.40,0.67,02,2024-07-30
1722326400,219.07,0.67,03,2024-07-30
1722330000,219.73,0.66,04,2024-07-30
1722333600,220.40,0.67,05,2024-07-30
1722337200,221.07,0.67,06,2024-07-30
1722340800,221.73,0.66,07,2024-07-30
1722344400,222.40,0.67,08,2024-07-30
1722348000,223.07,0.67,09,2024-07-30
1722351600,223.73,0.66,10,2024-07-30
1722355200,224.40,0.67,11,2024-07-30
1722358800,224.96,0.56,12,2024-07-30
1722362400,225.50,0.54,13,2024-07-30
1722366000,226.05,0.55,14,2024-07-30
1722369600,226.59,0.54,15,2024-07-30
1722373200,227.13,0.54,16,2024-07-30
1722376800,227.76,0.63,17,2024-07-30
1722380400,228.44,0.68,18,2024-07-30
1722384000,229.12,0.68,19,2024-07-30
1722387600,229.79,0.67,20,2024-07-30
1722391200,230.34,0.55,21,2024-07-30
1722394800,230.86,0.52,22,2024-07-30
1722398400,231.38,0.52,23,2024-07-30
1722402000,231.90,0.52,00,2024-07-31
1722405600,232.34,0.44,01,2024-07-31
1722409200,232.76,0.42,02,2024-07-31
1722412800,233.18,0.42,03,2024-07-31
1722416400,233.60,0.42,04,2024-07-31
1722420000,234.03,0.43,05,2024-07-31
1722423600,234.45,0.42,06,2024-07-31
1722427200,234.87,0.42,07,2024-07-31
1722430800,235.29,0.42,08,2024-07-31
1722434400,235.71,0.42,09,2024-07-31
1722438000,236.15,0.44,10,2024-07-31
1722441600,236.74,0.59,11,2024-07-31
1722445200,237.34,0.6,12,2024-07-31
1722448800,237.93,0.59,13,2024-07-31
1722452400,238.53,0.6,14,2024-07-31
1722456000,239.12,0.59,15,2024-07-31
1722459600,239.72,0.6,16,2024-07-31
1722463200,240.31,0.59,17,2024-07-31
1722466800,240.91,0.6,18,2024-07-31
1722470400,241.50,0.59,19,2024-07-31
1722474000,242.10,0.6,20,2024-07-31
1722477600,242.69,0.59,21,2024-07-31
1722481200,243.29,0.6,22,2024-07-31
1722484800,243.66,0.37,23,2024-07-31
1722488400,243.79,0.13,00,2024-08-01
1722492000,243.93,0.14,01,2024-08-01
1722495600,244.06,0.13,02,2024-08-01
1722499200,244.19,0.13,03,2024-08-01
1722502800,244.32,0.13,04,2024-08-01
1722506400,244.45,0.13,05,2024-08-01
1722510000,244.58,0.13,06,2024-08-01
1722513600,244.72,0.14,07,2024-08-01
1722517200,244.85,0.13,08,2024-08-01
1722520800,244.98,0.13,09,2024-08-01
1722524400,245.11,0.13,10,2024-08-01
1722528000,245.24,0.13,11,2024-08-01
1722531600,245.37,0.13,12,2024-08-01
1722535200,245.51,0.14,13,2024-08-01
1722538800,245.64,0.13,14,2024-08-01
1722542400,245.77,0.13,15,2024-08-01
1722546000,245.90,0.13,16,2024-08-01
1722549600,246.03,0.13,17,2024-08-01
1722553200,246.16,0.13,18,2024-08-01
1722556800,246.30,0.14,19,2024-08-01
1722560400,246.43,0.13,20,2024-08-01
1722564000,246.56,0.13,21,2024-08-01
1722567600,246.69,0.13,22,2024-08-01
1722571200,246.82,0.13,23,2024-08-01
1722574800,246.95,0.13,00,2024-08-02
1722578400,247.09,0.14,01,2024-08-02
1722582000,247.22,0.13,02,2024-08-02
1722585600,247.35,0.13,03,2024-08-02
1722589200,247.48,0.13,04,2024-08-02
1722592800,247.61,0.13,05,2024-08-02
1722596400,247.75,0.14,06,2024-08-02
1722600000,247.88,0.13,07,2024-08-02
1722603600,248.01,0.13,08,2024-08-02
1722607200,248.14,0.13,09,2024-08-02
1722610800,248.27,0.13,10,2024-08-02
1722614400,248.40,0.13,11,2024-08-02
1722618000,248.54,0.14,12,2024-08-02
1722621600,248.67,0.13,13,2024-08-02
1722625200,248.80,0.13,14,2024-08-02
1722628800,248.93,0.13,15,2024-08-02
1722632400,249.06,0.13,16,2024-08-02
1722636000,249.19,0.13,17,2024-08-02
1722639600,249.33,0.14,18,2024-08-02
1722643200,249.46,0.13,19,2024-08-02
1722646800,249.59,0.13,20,2024-08-02
1722650400,249.72,0.13,21,2024-08-02
1722654000,249.85,0.13,22,2024-08-02
1722657600,249.98,0.13,23,2024-08-02
1722661200,250.12,0.14,00,2024-08-03
1722664800,250.25,0.13,01,2024-08-03
1722668400,250.38,0.13,02,2024-08-03
1722672000,250.51,0.13,03,2024-08-03
1722675600,250.64,0.13,04,2024-08-03
1722679200,250.77,0.13,05,2024-08-03
1722682800,250.91,0.14,06,2024-08-03
1722686400,251.04,0.13,07,2024-08-03
1722690000,251.17,0.13,08,2024-08-03
1722693600,251.30,0.13,09,2024-08-03
1722697200,251.43,0.13,10,2024-08-03
1722700800,251.56,0.13,11,2024-08-03
1722704400,251.70,0.14,12,2024-08-03
1722708000,251.83,0.13,13,2024-08-03
1722711600,251.96,0.13,14,2024-08-03
1722715200,252.09,0.13,15,2024-08-03
1722718800,252.22,0.13,16,2024-08-03
1722722400,252.35,0.13,17,2024-08-03
1722726000,252.49,0.14,18,2024-08-03
1722729600,252.62,0.13,19,2024-08-03
1722733200,252.75,0.13,20,2024-08-03
1722736800,252.88,0.13,21,2024-08-03
1722740400,253.01,0.13,22,2024-08-03
1722744000,253.14,0.13,23,2024-08-03
1722747600,253.28,0.14,00,2024-08-04
1722751200,253.41,0.13,01,2024-08-04
1722754800,253.54,0.13,02,2024-08-04
1722758400,253.67,0.13,03,2024-08-04
1722762000,253.80,0.13,04,2024-08-04
1722765600,253.93,0.13,05,2024-08-04
1722769200,254.07,0.14,06,2024-08-04
1722772800,254.20,0.13,07,2024-08-04
1722776400,254.33,0.13,08,2024-08-04
1722780000,254.46,0.13,09,2024-08-04
1722783600,254.59,0.13,10,2024-08-04
1722787200,254.93,0.34,11,2024-08-04
1722790800,255.27,0.34,12,2024-08-04
1722794400,255.61,0.34,13,2024-08-04
1722798000,255.91,0.3,14,2024-08-04
1722801600,256.19,0.28,15,2024-08-04
1722805200,256.48,0.29,16,2024-08-04
1722808800,256.72,0.24,17,2024-08-04
1722812400,256.93,0.21,18,2024-08-04
1722816000,257.14,0.21,19,2024-08-04
1722819600,257.34,0.2,20,2024-08-04
1722823200,257.55,0.21,21,2024-08-04
1722826800,257.76,0.21,22,2024-08-04
1722830400,257.97,0.21,23,2024-08-04
1722834000,258.18,0.21,00,2024-08-05
1722837600,258.39,0.21,01,2024-08-05
1722841200,258.60,0.21,02,2024-08-05
1722844800,258.81,0.21,03,2024-08-05
1722848400,259.01,0.2,04,2024-08-05
1722852000,259.22,0.21,05,2024-08-05
1722855600,259.43,0.21,06,2024-08-05
1722859200,259.64,0.21,07,2024-08-05
1722862800,259.85,0.21,08,2024-08-05
1722866400,260.06,0.21,09,2024-08-05
1722870000,260.29,0.23,10,2024-08-05
1722873600,260.59,0.3,11,2024-08-05
1722877200,260.89,0.3,12,2024-08-05
1722880800,261.18,0.29,13,2024-08-05
1722884400,261.48,0.3,14,2024-08-05
1722888000,261.78,0.3,15,2024-08-05
1722891600,262.07,0.29,16,2024-08-05
1722895200,262.38,0.31,17,2024-08-05
1722898800,262.68,0.3,18,2024-08-05
1722902400,262.99,0.31,19,2024-08-05
1722906000,263.29,0.3,20,2024-08-05
1722909600,263.60,0.31,21,2024-08-05
1722913200,263.91,0.31,22,2024-08-05
1722916800,264.21,0.3,23,2024-08-05
1722920400,264.52,0.31,00,2024-08-06
1722924000,264.75,0.23,01,2024-08-06
1722927600,264.96,0.21,02,2024-08-06
1722931200,265.17,0.21,03,2024-08-06
1722934800,265.38,0.21,04,2024-08-06
1722938400,265.58,0.2,05,2024-08-06
1722942000,265.79,0.21,06,2024-08-06
1722945600,266.00,0.21,07,2024-08-06
1722949200,266.21,0.21,08,2024-08-06
1722952800,266.42,0.21,09,2024-08-06
1722956400,266.62,0.2,10,2024-08-06
1722960000,266.83,0.21,11,2024-08-06
1722963600,267.04,0.21,12,2024-08-06
1722967200,267.25,0.21,13,2024-08-06
1722970800,267.45,0.2,14,2024-08-06
1722974400,267.66,0.21,15,2024-08-06
1722978000,267.90,0.24,16,2024-08-06
1722981600,268.20,0.3,17,2024-08-06
1722985200,268.57,0.37,18,2024-08-06
1722988800,268.94,0.37,19,2024-08-06
1722992400,269.31,0.37,20,2024-08-06
1722996000,269.66,0.35,21,2024-08-06
1722999600,269.99,0.33,22,2024-08-06
1723003200,270.31,0.32,23,2024-08-06
1723006800,270.62,0.31,00,2024-08-07
1723010400,270.77,0.15,01,2024-08-07
1723014000,270.92,0.15,02,2024-08-07
1723017600,271.07,0.15,03,2024-08-07
1723021200,271.23,0.16,04,2024-08-07
1723024800,271.38,0.15,05,2024-08-07
1723028400,271.53,0.15,06,2024-08-07
1723032000,271.68,0.15,07,2024-08-07
1723035600,271.84,0.16,08,2024-08-07
1723039200,271.99,0.15,09,2024-08-07
1723042800,272.14,0.15,10,2024-08-07
1723046400,272.29,0.15,11,2024-08-07
1723050000,272.45,0.16,12,2024-08-07
1723053600,272.60,0.15,13,2024-08-07
1723057200,272.75,0.15,14,2024-08-07
1723060800,272.91,0.16,15,2024-08-07
1723064400,273.19,0.28,16,2024-08-07
1723068000,273.48,0.29,17,2024-08-07
1723071600,273.76,0.28,18,2024-08-07
1723075200,274.04,0.28,19,2024-08-07
1723078800,274.33,0.29,20,2024-08-07
1723082400,274.61,0.28,21,2024-08-07
1723086000,274.91,0.3,22,2024-08-07
1723089600,275.20,0.29,23,2024-08-07
1723093200,275.49,0.29,00,2024-08-08
1723096800,275.62,0.13,01,2024-08-08
1723100400,275.74,0.12,02,2024-08-08
1723104000,275.86,0.12,03,2024-08-08
1723107600,275.99,0.13,04,2024-08-08
1723111200,276.11,0.12,05,2024-08-08
1723114800,276.23,0.12,06,2024-08-08
1723118400,276.36,0.13,07,2024-08-08
1723122000,276.48,0.12,08,2024-08-08
1723125600,276.60,0.12,09,2024-08-08
1723129200,276.73,0.13,10,2024-08-08
1723132800,276.85,0.12,11,2024-08-08
1723136400,277.07,0.22,12,2024-08-08
1723140000,277.37,0.3,13,2024-08-08
1723143600,277.67,0.3,14,2024-08-08
1723147200,277.97,0.3,15,2024-08-08
1723150800,278.34,0.37,16,2024-08-08
1723154400,278.71,0.37,17,2024-08-08
1723158000,279.09,0.38,18,2024-08-08
1723161600,279.46,0.37,19,2024-08-08
1723165200,279.84,0.38,20,2024-08-08
1723168800,280.21,0.37,21,2024-08-08
1723172400,280.59,0.38,22,2024-08-08
1723176000,280.96,0.37,23,2024-08-08
1723179600,281.34,0.38,00,2024-08-09
1723183200,281.64,0.3,01,2024-08-09
1723186800,281.90,0.26,02,2024-08-09
1723190400,282.16,0.26,03,2024-08-09
1723194000,282.42,0.26,04,2024-08-09
1723197600,282.68,0.26,05,2024-08-09
1723201200,282.94,0.26,06,2024-08-09
1723204800,283.20,0.26,07,2024-08-09
1723208400,283.45,0.25,08,2024-08-09
1723212000,283.71,0.26,09,2024-08-09
1723215600,283.97,0.26,10,2024-08-09
1723219200,284.23,0.26,11,2024-08-09
1723222800,284.49,0.26,12,2024-08-09
1723226400,284.75,0.26,13,2024-08-09
1723230000,285.04,0.29,14,2024-08-09
1723233600,285.40,0.36,15,2024-08-09
1723237200,285.75,0.35,16,2024-08-09
1723240800,286.09,0.34,17,2024-08-09
1723244400,286.43,0.34,18,2024-08-09
1723248000,286.76,0.33,19,2024-08-09
1723251600,287.07,0.31,20,2024-08-09
1723255200,287.38,0.31,21,2024-08-09
1723258800,287.70,0.32,22,2024-08-09
1723262400,288.01,0.31,23,2024-08-09
1723266000,288.32,0.31,00,2024-08-10
1723269600,288.64,0.32,01,2024-08-10
1723273200,288.95,0.31,02,2024-08-10
1723276800,289.26,0.31,03,2024-08-10
1723280400,289.58,0.32,04,2024-08-10
1723284000,289.89,0.31,05,2024-08-10
1723287600,290.21,0.32,06,2024-08-10
1723291200,290.52,0.31,07,2024-08-10
1723294800,290.83,0.31,08,2024-08-10
1723298400,291.15,0.32,09,2024-08-10
1723302000,291.45,0.3,10,2024-08-10
1723305600,291.75,0.3,11,2024-08-10
1723309200,292.05,0.3,12,2024-08-10
1723312800,292.35,0.3,13,2024-08-10
1723316400,292.64,0.29,14,2024-08-10
1723320000,292.95,0.31,15,2024-08-10
1723323600,293.27,0.32,16,2024-08-10
1723327200,293.60,0.33,17,2024-08-10
1723330800,293.93,0.33,18,2024-08-10
1723334400,294.25,0.32,19,2024-08-10
1723338000,294.58,0.33,20,2024-08-10
1723341600,294.90,0.32,21,2024-08-10
1723345200,295.23,0.33,22,2024-08-10
1723348800,295.56,0.33,23,2024-08-10
1723352400,295.88,0.32,00,2024-08-11
1723356000,296.21,0.33,01,2024-08-11
1723359600,296.54,0.33,02,2024-08-11
1723363200,296.86,0.32,03,2024-08-11
1723366800,297.19,0.33,04,2024-08-11
1723370400,297.51,0.32,05,2024-08-11
1723374000,297.84,0.33,06,2024-08-11
1723377600,298.17,0.33,07,2024-08-11
1723381200,298.49,0.32,08,2024-08-11
1723384800,298.82,0.33,09,2024-08-11
1723388400,299.17,0.35,10,2024-08-11
1723392000,299.56,0.39,11,2024-08-11
1723395600,299.95,0.39,12,2024-08-11
1723399200,300.34,0.39,13,2024-08-11
1723402800,300.73,0.39,14,2024-08-11
1723406400,301.13,0.4,15,2024-08-11
1723410000,301.52,0.39,16,2024-08-11
1723413600,301.91,0.39,17,2024-08-11
1723417200,302.30,0.39,18,2024-08-11
1723420800,302.69,0.39,19,2024-08-11
1723424400,303.08,0.39,20,2024-08-11
1723428000,303.48,0.4,21,2024-08-11
1723431600,303.88,0.4,22,2024-08-11
1723435200,304.28,0.4,23,2024-08-11
1723438800,304.65,0.37,00,2024-08-12
1723442400,304.91,0.26,01,2024-08-12
1723446000,305.17,0.26,02,2024-08-12
1723449600,305.42,0.25,03,2024-08-12
1723453200,305.68,0.26,04,2024-08-12
1723456800,305.94,0.26,05,2024-08-12
1723460400,306.19,0.25,06,2024-08-12
1723464000,306.45,0.26,07,2024-08-12
1723467600,306.71,0.26,08,2024-08-12
1723471200,306.96,0.25,09,2024-08-12
1723474800,307.22,0.26,10,2024-08-12
1723478400,307.52,0.3,11,2024-08-12
1723482000,307.91,0.39,12,2024-08-12
1723485600,308.31,0.4,13,2024-08-12
1723489200,308.71,0.4,14,2024-08-12
1723492800,309.11,0.4,15,2024-08-12
1723496400,309.50,0.39,16,2024-08-12
1723500000,309.90,0.4,17,2024-08-12
1723503600,310.30,0.4,18,2024-08-12
1723507200,310.70,0.4,19,2024-08-12
1723510800,311.10,0.4,20,2024-08-12
1723514400,311.50,0.4,21,2024-08-12
1723518000,311.90,0.4,22,2024-08-12
1723521600,312.30,0.4,23,2024-08-12
1723525200,312.70,0.4,00,2024-08-13
1723528800,312.94,0.24,01,2024-08-13
1723532400,313.18,0.24,02,2024-08-13
1723536000,313.43,0.25,03,2024-08-13
1723539600,313.67,0.24,04,2024-08-13
1723543200,313.91,0.24,05,2024-08-13
1723546800,314.15,0.24,06,2024-08-13
1723550400,314.39,0.24,07,2024-08-13
1723554000,314.64,0.25,08,2024-08-13
1723557600,314.88,0.24,09,2024-08-13
1723561200,315.13,0.25,10,2024-08-13
1723564800,315.52,0.39,11,2024-08-13
1723568400,315.91,0.39,12,2024-08-13
1723572000,316.30,0.39,13,2024-08-13
1723575600,316.69,0.39,14,2024-08-13
1723579200,317.08,0.39,15,2024-08-13
1723582800,317.46,0.38,16,2024-08-13
1723586400,317.85,0.39,17,2024-08-13
1723590000,318.24,0.39,18,2024-08-13
1723593600,318.63,0.39,19,2024-08-13
1723597200,319.02,0.39,20,2024-08-13
1723600800,319.41,0.39,21,2024-08-13
1723604400,319.80,0.39,22,2024-08-13
1723608000,320.18,0.38,23,2024-08-13
1723611600,320.48,0.3,00,2024-08-14
1723615200,320.67,0.19,01,2024-08-14
1723618800,320.86,0.19,02,2024-08-14
1723622400,321.04,0.18,03,2024-08-14
1723626000,321.23,0.19,04,2024-08-14
1723629600,321.41,0.18,05,2024-08-14
1723633200,321.60,0.19,06,2024-08-14
1723636800,321.79,0.19,07,2024-08-14
1723640400,321.97,0.18,08,2024-08-14
1723644000,322.16,0.19,09,2024-08-14
1723647600,322.45,0.29,10,2024-08-14
1723651200,322.77,0.32,11,2024-08-14
1723654800,323.09,0.32,12,2024-08-14
1723658400,323.31,0.22,13,2024-08-14
1723662000,323.52,0.21,14,2024-08-14
1723665600,323.74,0.22,15,2024-08-14
1723669200,323.95,0.21,16,2024-08-14
1723672800,324.16,0.21,17,2024-08-14
1723676400,324.38,0.22,18,2024-08-14
1723680000,324.59,0.21,19,2024-08-14
1723683600,324.81,0.22,20,2024-08-14
1723687200,325.02,0.21,21,2024-08-14
1723690800,325.23,0.21,22,2024-08-14
1723694400,325.45,0.22,23,2024-08-14
1723698000,325.66,0.21,00,2024-08-15
1723701600,325.88,0.22,01,2024-08-15
1723705200,326.09,0.21,02,2024-08-15
1723708800,326.30,0.21,03,2024-08-15
1723712400,326.52,0.22,04,2024-08-15
1723716000,326.73,0.21,05,2024-08-15
1723719600,326.95,0.22,06,2024-08-15
1723723200,327.16,0.21,07,2024-08-15
1723726800,327.37,0.21,08,2024-08-15
1723730400,327.59,0.22,09,2024-08-15
1723734000,327.80,0.21,10,2024-08-15
1723737600,328.02,0.22,11,2024-08-15
1723741200,328.23,0.21,12,2024-08-15
1723744800,328.45,0.22,13,2024-08-15
1723748400,328.66,0.21,14,2024-08-15
1723752000,328.87,0.21,15,2024-08-15
1723755600,329.09,0.22,16,2024-08-15
1723759200,329.28,0.19,17,2024-08-15
1723762800,329.47,0.19,18,2024-08-15
1723766400,329.66,0.19,19,2024-08-15
1723770000,329.85,0.19,20,2024-08-15
1723773600,330.03,0.18,21,2024-08-15
1723777200,330.22,0.19,22,2024-08-15
1723780800,330.41,0.19,23,2024-08-15
1723784400,330.60,0.19,00,2024-08-16
1723788000,330.79,0.19,01,2024-08-16
1723791600,330.98,0.19,02,2024-08-16
1723795200,331.17,0.19,03,2024-08-16
1723798800,331.36,0.19,04,2024-08-16
1723802400,331.55,0.19,05,2024-08-16
1723806000,331.74,0.19,06,2024-08-16
1723809600,331.92,0.18,07,2024-08-16
1723813200,332.11,0.19,08,2024-08-16
1723816800,332.30,0.19,09,2024-08-16
1723820400,332.49,0.19,10,2024-08-16
1723824000,332.68,0.19,11,2024-08-16
1723827600,332.87,0.19,12,2024-08-16
1723831200,333.06,0.19,13,2024-08-16
1723834800,333.25,0.19,14,2024-08-16
1723838400,333.52,0.27,15,2024-08-16
1723842000,333.82,0.3,16,2024-08-16
1723845600,334.13,0.31,17,2024-08-16
1723849200,334.43,0.3,18,2024-08-16
1723852800,334.73,0.3,19,2024-08-16
1723856400,335.04,0.31,20,2024-08-16
1723860000,335.34,0.3,21,2024-08-16
1723863600,335.65,0.31,22,2024-08-16
1723867200,335.95,0.3,23,2024-08-16
1723870800,336.27,0.32,00,2024-08-17
1723874400,336.58,0.31,01,2024-08-17
1723878000,336.75,0.17,02,2024-08-17
1723881600,336.91,0.16,03,2024-08-17
1723885200,337.08,0.17,04,2024-08-17
1723888800,337.24,0.16,05,2024-08-17
1723892400,337.40,0.16,06,2024-08-17
1723896000,337.56,0.16,07,2024-08-17
1723899600,337.72,0.16,08,2024-08-17
1723903200,337.88,0.16,09,2024-08-17
1723906800,338.04,0.16,10,2024-08-17
1723910400,338.21,0.17,11,2024-08-17
1723914000,338.37,0.16,12,2024-08-17
1723917600,338.53,0.16,13,2024-08-17
1723921200,338.69,0.16,14,2024-08-17
1723924800,338.90,0.21,15,2024-08-17
1723928400,339.23,0.33,16,2024-08-17
1723932000,339.56,0.33,17,2024-08-17
1723935600,339.81,0.25,18,2024-08-17
1723939200,340.00,0.19,19,2024-08-17
1723942800,340.19,0.19,20,2024-08-17
1723946400,340.38,0.19,21,2024-08-17
1723950000,340.57,0.19,22,2024-08-17
1723953600,340.76,0.19,23,2024-08-17
1723957200,340.95,0.19,00,2024-08-18
1723960800,341.14,0.19,01,2024-08-18
1723964400,341.33,0.19,02,2024-08-18
1723968000,341.52,0.19,03,2024-08-18
1723971600,341.71,0.19,04,2024-08-18
1723975200,341.90,0.19,05,2024-08-18
1723978800,342.10,0.2,06,2024-08-18
1723982400,342.29,0.19,07,2024-08-18
1723986000,342.48,0.19,08,2024-08-18
1723989600,342.67,0.19,09,2024-08-18
1723993200,342.86,0.19,10,2024-08-18
1723996800,343.09,0.23,11,2024-08-18
1724000400,343.43,0.34,12,2024-08-18
1724004000,343.77,0.34,13,2024-08-18
1724007600,344.11,0.34,14,2024-08-18
1724011200,344.33,0.22,15,2024-08-18
1724014800,344.55,0.22,16,2024-08-18
1724018400,344.77,0.22,17,2024-08-18
1724022000,344.99,0.22,18,2024-08-18
1724025600,345.21,0.22,19,2024-08-18
1724029200,345.43,0.22,20,2024-08-18
1724032800,345.65,0.22,21,2024-08-18
1724036400,345.87,0.22,22,2024-08-18
1724040000,346.09,0.22,23,2024-08-18
1724043600,346.31,0.22,00,2024-08-19
1724047200,346.53,0.22,01,2024-08-19
1724050800,346.74,0.21,02,2024-08-19
1724054400,346.96,0.22,03,2024-08-19
1724058000,347.18,0.22,04,2024-08-19
1724061600,347.40,0.22,05,2024-08-19
1724065200,347.62,0.22,06,2024-08-19
1724068800,347.84,0.22,07,2024-08-19
1724072400,348.06,0.22,08,2024-08-19
1724076000,348.28,0.22,09,2024-08-19
1724079600,348.50,0.22,10,2024-08-19
1724083200,348.72,0.22,11,2024-08-19
1724086800,348.94,0.22,12,2024-08-19
1724090400,349.15,0.21,13,2024-08-19
1724094000,349.55,0.4,14,2024-08-19
1724097600,350.04,0.49,15,2024-08-19
1724101200,350.52,0.48,16,2024-08-19
1724104800,351.00,0.48,17,2024-08-19
1724108400,351.49,0.49,18,2024-08-19
1724112000,351.97,0.48,19,2024-08-19
1724115600,352.46,0.49,20,2024-08-19
1724119200,352.94,0.48,21,2024-08-19
1724122800,353.42,0.48,22,2024-08-19
1724126400,353.83,0.41,23,2024-08-19
1724130000,353.96,0.13,00,2024-08-20
1724133600,354.06,0.1,01,2024-08-20
1724137200,354.14,0.08,02,2024-08-20
1724140800,354.22,0.08,03,2024-08-20
1724144400,354.30,0.08,04,2024-08-20
1724148000,354.38,0.08,05,2024-08-20
1724151600,354.46,0.08,06,2024-08-20
1724155200,354.54,0.08,07,2024-08-20
1724158800,354.63,0.09,08,2024-08-20
1724162400,354.71,0.08,09,2024-08-20
1724166000,354.79,0.08,10,2024-08-20
1724169600,354.87,0.08,11,2024-08-20
1724173200,354.95,0.08,12,2024-08-20
1724176800,355.04,0.09,13,2024-08-20
1724180400,355.12,0.08,14,2024-08-20
1724184000,355.21,0.09,15,2024-08-20
1724187600,355.29,0.08,16,2024-08-20
1724191200,355.38,0.09,17,2024-08-20
1724194800,355.46,0.08,18,2024-08-20
1724198400,355.54,0.08,19,2024-08-20
1724202000,355.63,0.09,20,2024-08-20
1724205600,355.71,0.08,21,2024-08-20
1724209200,355.80,0.09,22,2024-08-20
1724212800,355.88,0.08,23,2024-08-20
1724216400,355.97,0.09,00,2024-08-21
1724220000,356.05,0.08,01,2024-08-21
1724223600,356.14,0.09,02,2024-08-21
1724227200,356.22,0.08,03,2024-08-21
1724230800,356.31,0.09,04,2024-08-21
1724234400,356.39,0.08,05,2024-08-21
1724238000,356.47,0.08,06,2024-08-21
1724241600,356.56,0.09,07,2024-08-21
1724245200,356.64,0.08,08,2024-08-21
1724248800,356.73,0.09,09,2024-08-21
1724252400,356.81,0.08,10,2024-08-21
1724256000,356.90,0.09,11,2024-08-21
1724259600,356.98,0.08,12,2024-08-21
1724263200,357.07,0.09,13,2024-08-21
1724266800,357.16,0.09,14,2024-08-21
1724270400,357.25,0.09,15,2024-08-21
1724274000,357.34,0.09,16,2024-08-21
1724277600,357.42,0.08,17,2024-08-21
1724281200,357.51,0.09,18,2024-08-21
1724284800,357.60,0.09,19,2024-08-21
1724288400,357.69,0.09,20,2024-08-21
1724292000,357.78,0.09,21,2024-08-21
1724295600,357.87,0.09,22,2024-08-21
1724299200,357.96,0.09,23,2024-08-21
1724302800,358.05,0.09,00,2024-08-22
1724306400,358.13,0.08,01,2024-08-22
1724310000,358.22,0.09,02,2024-08-22
1724313600,358.31,0.09,03,2024-08-22
1724317200,358.40,0.09,04,2024-08-22
1724320800,358.49,0.09,05,2024-08-22
1724324400,358.58,0.09,06,2024-08-22
1724328000,358.67,0.09,07,2024-08-22
1724331600,358.76,0.09,08,2024-08-22
1724335200,358.84,0.08,09,2024-08-22
1724338800,358.93,0.09,10,2024-08-22
1724342400,359.02,0.09,11,2024-08-22
1724346000,359.11,0.09,12,2024-08-22
1724349600,359.20,0.09,13,2024-08-22
1724353200,359.29,0.09,14,2024-08-22
1724356800,359.38,0.09,15,2024-08-22
1724360400,359.47,0.09,16,2024-08-22
1724364000,359.56,0.09,17,2024-08-22
1724367600,359.64,0.08,18,2024-08-22
1724371200,359.73,0.09,19,2024-08-22
1724374800,359.82,0.09,20,2024-08-22
1724378400,359.91,0.09,21,2024-08-22
1724382000,360.00,0.09,22,2024-08-22
1724385600,360.09,0.09,23,2024-08-22
1724389200,360.18,0.09,00,2024-08-23
1724392800,360.27,0.09,01,2024-08-23
1724396400,360.36,0.09,02,2024-08-23
1724400000,360.44,0.08,03,2024-08-23
1724403600,360.53,0.09,04,2024-08-23
1724407200,360.62,0.09,05,2024-08-23
1724410800,360.71,0.09,06,2024-08-23
1724414400,360.80,0.09,07,2024-08-23
1724418000,360.89,0.09,08,2024-08-23
1724421600,360.98,0.09,09,2024-08-23
1724425200,361.07,0.09,10,2024-08-23
1724428800,361.16,0.09,11,2024-08-23
1724432400,361.24,0.08,12,2024-08-23
1724436000,361.33,0.09,13,2024-08-23
1724439600,361.42,0.09,14,2024-08-23
1724443200,361.51,0.09,15,2024-08-23
1724446800,361.60,0.09,16,2024-08-23
1724450400,361.69,0.09,17,2024-08-23
1724454000,361.78,0.09,18,2024-08-23
1724457600,361.87,0.09,19,2024-08-23
1724461200,361.96,0.09,20,2024-08-23
1724464800,362.05,0.09,21,2024-08-23
1724468400,362.13,0.08,22,2024-08-23
1724472000,362.22,0.09,23,2024-08-23
1724475600,362.31,0.09,00,2024-08-24
1724479200,362.40,0.09,01,2024-08-24
1724482800,362.49,0.09,02,2024-08-24
1724486400,362.58,0.09,03,2024-08-24
1724490000,362.67,0.09,04,2024-08-24
1724493600,362.76,0.09,05,2024-08-24
1724497200,362.85,0.09,06,2024-08-24
1724500800,362.93,0.08,07,2024-08-24
1724504400,363.02,0.09,08,2024-08-24
1724508000,363.11,0.09,09,2024-08-24
1724511600,363.20,0.09,10,2024-08-24
1724515200,363.29,0.09,11,2024-08-24
1724518800,363.38,0.09,12,2024-08-24
1724522400,363.47,0.09,13,2024-08-24
1724526000,363.56,0.09,14,2024-08-24
1724529600,363.65,0.09,15,2024-08-24
1724533200,363.74,0.09,16,2024-08-24
1724536800,363.82,0.08,17,2024-08-24
1724540400,363.91,0.09,18,2024-08-24
1724544000,364.00,0.09,19,2024-08-24
1724547600,364.09,0.09,20,2024-08-24
1724551200,364.18,0.09,21,2024-08-24
1724554800,364.27,0.09,22,2024-08-24
1724558400,364.36,0.09,23,2024-08-24
1724562000,364.45,0.09,00,2024-08-25
1724565600,364.54,0.09,01,2024-08-25
1724569200,364.63,0.09,02,2024-08-25
1724572800,364.72,0.09,03,2024-08-25
1724576400,364.81,0.09,04,2024-08-25
1724580000,364.89,0.08,05,2024-08-25
1724583600,364.98,0.09,06,2024-08-25
1724587200,365.07,0.09,07,2024-08-25
1724590800,365.16,0.09,08,2024-08-25
1724594400,365.25,0.09,09,2024-08-25
1724598000,365.34,0.09,10,2024-08-25
1724601600,365.43,0.09,11,2024-08-25
1724605200,365.52,0.09,12,2024-08-25
1724608800,365.61,0.09,13,2024-08-25
1724612400,365.70,0.09,14,2024-08-25
1724616000,365.79,0.09,15,2024-08-25
1724619600,365.87,0.08,16,2024-08-25
1724623200,365.96,0.09,17,2024-08-25
1724626800,366.05,0.09,18,2024-08-25
1724630400,366.14,0.09,19,2024-08-25
1724634000,366.23,0.09,20,2024-08-25
1724637600,366.32,0.09,21,2024-08-25
1724641200,366.41,0.09,22,2024-08-25
1724644800,366.50,0.09,23,2024-08-25
1724648400,366.59,0.09,00,2024-08-26
1724652000,366.68,0.09,01,2024-08-26
1724655600,366.77,0.09,02,2024-08-26
1724659200,366.86,0.09,03,2024-08-26
1724662800,366.94,0.08,04,2024-08-26
1724666400,367.03,0.09,05,2024-08-26
1724670000,367.12,0.09,06,2024-08-26
1724673600,367.21,0.09,07,2024-08-26
1724677200,367.30,0.09,08,2024-08-26
1724680800,367.39,0.09,09,2024-08-26
1724684400,367.48,0.09,10,2024-08-26
1724688000,367.57,0.09,11,2024-08-26
1724691600,367.66,0.09,12,2024-08-26
1724695200,367.75,0.09,13,2024-08-26
1724698800,367.84,0.09,14,2024-08-26
1724702400,367.93,0.09,15,2024-08-26
1724706000,368.01,0.08,16,2024-08-26
1724709600,368.10,0.09,17,2024-08-26
1724713200,368.19,0.09,18,2024-08-26
1724716800,368.28,0.09,19,2024-08-26
1724720400,368.37,0.09,20,2024-08-26
1724724000,368.46,0.09,21,2024-08-26
1724727600,368.55,0.09,22,2024-08-26
1724731200,368.64,0.09,23,2024-08-26
1724734800,368.73,0.09,00,2024-08-27
1724738400,368.82,0.09,01,2024-08-27
1724742000,368.91,0.09,02,2024-08-27
1724745600,368.99,0.08,03,2024-08-27
1724749200,369.08,0.09,04,2024-08-27
1724752800,369.17,0.09,05,2024-08-27
1724756400,369.26,0.09,06,2024-08-27
1724760000,369.35,0.09,07,2024-08-27
1724763600,369.44,0.09,08,2024-08-27
1724767200,369.53,0.09,09,2024-08-27
1724770800,369.62,0.09,10,2024-08-27
1724774400,369.71,0.09,11,2024-08-27
1724778000,369.80,0.09,12,2024-08-27
1724781600,369.89,0.09,13,2024-08-27
1724785200,369.98,0.09,14,2024-08-27
1724788800,370.07,0.09,15,2024-08-27
1724792400,370.16,0.09,16,2024-08-27
1724796000,370.25,0.09,17,2024-08-27
1724799600,370.34,0.09,18,2024-08-27
1724803200,370.43,0.09,19,2024-08-27
1724806800,370.52,0.09,20,2024-08-27
1724810400,370.61,0.09,21,2024-08-27
1724814000,370.71,0.1,22,2024-08-27
1724817600,370.80,0.09,23,2024-08-27
1724821200,370.89,0.09,00,2024-08-28
1724824800,370.98,0.09,01,2024-08-28
1724828400,371.07,0.09,02,2024-08-28
1724832000,371.16,0.09,03,2024-08-28
1724835600,371.25,0.09,04,2024-08-28
1724839200,371.34,0.09,05,2024-08-28
1724842800,371.43,0.09,06,2024-08-28
1724846400,371.53,0.1,07,2024-08-28
1724850000,371.62,0.09,08,2024-08-28
1724853600,371.71,0.09,09,2024-08-28
1724857200,371.80,0.09,10,2024-08-28
1724860800,371.89,0.09,11,2024-08-28
1724864400,371.98,0.09,12,2024-08-28
1724868000,372.07,0.09,13,2024-08-28
1724871600,372.16,0.09,14,2024-08-28
1724875200,372.25,0.09,15,2024-08-28
1724878800,372.34,0.09,16,2024-08-28
1724882400,372.43,0.09,17,2024-08-28
1724886000,372.52,0.09,18,2024-08-28
1724889600,372.61,0.09,19,2024-08-28
1724893200,372.70,0.09,20,2024-08-28
1724896800,372.79,0.09,21,2024-08-28
1724900400,372.88,0.09,22,2024-08-28
1724904000,372.97,0.09,23,2024-08-28
1724907600,373.06,0.09,00,2024-08-29
1724911200,373.15,0.09,01,2024-08-29
1724914800,373.23,0.08,02,2024-08-29
1724918400,373.32,0.09,03,2024-08-29
1724922000,373.41,0.09,04,2024-08-29
1724925600,373.50,0.09,05,2024-08-29
1724929200,373.59,0.09,06,2024-08-29
1724932800,373.68,0.09,07,2024-08-29
1724936400,373.77,0.09,08,2024-08-29
1724940000,373.86,0.09,09,2024-08-29
1724943600,373.95,0.09,10,2024-08-29
1724947200,374.04,0.09,11,2024-08-29
1724950800,374.13,0.09,12,2024-08-29
1724954400,374.22,0.09,13,2024-08-29
1724958000,374.31,0.09,14,2024-08-29
1724961600,374.40,0.09,15,2024-08-29
1724965200,374.49,0.09,16,2024-08-29
1724968800,374.58,0.09,17,2024-08-29
1724972400,374.67,0.09,18,2024-08-29
1724976000,374.76,0.09,19,2024-08-29
1724979600,374.85,0.09,20,2024-08-29
1724983200,374.93,0.08,21,2024-08-29
1724986800,375.02,0.09,22,2024-08-29
1724990400,375.11,0.09,23,2024-08-29
1724994000,375.20,0.09,00,2024-08-30
1724997600,375.29,0.09,01,2024-08-30
1725001200,375.38,0.09,02,2024-08-30
1725004800,375.47,0.09,03,2024-08-30
1725008400,375.56,0.09,04,2024-08-30
1725012000,375.65,0.09,05,2024-08-30
1725015600,375.74,0.09,06,2024-08-30
1725019200,375.83,0.09,07,2024-08-30
1725022800,375.92,0.09,08,2024-08-30
1725026400,376.01,0.09,09,2024-08-30
1725030000,376.10,0.09,10,2024-08-30
1725033600,376.19,0.09,11,2024-08-30
1725037200,376.28,0.09,12,2024-08-30
1725040800,376.37,0.09,13,2024-08-30
1725044400,376.46,0.09,14,2024-08-30
1725048000,376.55,0.09,15,2024-08-30
1725051600,376.64,0.09,16,2024-08-30
1725055200,376.72,0.08,17,2024-08-30
1725058800,376.81,0.09,18,2024-08-30
1725062400,376.90,0.09,19,2024-08-30
1725066000,376.99,0.09,20,2024-08-30
1725069600,377.08,0.09,21,2024-08-30
1725073200,377.17,0.09,22,2024-08-30
1725076800,377.26,0.09,23,2024-08-30
1725080400,377.35,0.09,00,2024-08-31
1725084000,377.44,0.09,01,2024-08-31
1725087600,377.53,0.09,02,2024-08-31
1725091200,377.62,0.09,03,2024-08-31
1725094800,377.71,0.09,04,2024-08-31
1725098400,377.80,0.09,05,2024-08-31
1725102000,377.89,0.09,06,2024-08-31
1725105600,377.98,0.09,07,2024-08-31
1725109200,378.07,0.09,08,2024-08-31
1725112800,378.16,0.09,09,2024-08-31
1725116400,378.25,0.09,10,2024-08-31
1725120000,378.34,0.09,11,2024-08-31
1725123600,378.43,0.09,12,2024-08-31
1725127200,378.51,0.08,13,2024-08-31
1725130800,378.60,0.09,14,2024-08-31
1725134400,378.69,0.09,15,2024-08-31
1725138000,378.78,0.09,16,2024-08-31
1725141600,378.87,0.09,17,2024-08-31
1725145200,378.96,0.09,18,2024-08-31
1725148800,379.05,0.09,19,2024-08-31
1725152400,379.14,0.09,20,2024-08-31
1725156000,379.23,0.09,21,2024-08-31
1725159600,379.32,0.09,22,2024-08-31
1725163200,379.41,0.09,23,2024-08-31
1725166800,379.50,0.09,00,2024-09-01
1725170400,379.59,0.09,01,2024-09-01
1725174000,379.68,0.09,02,2024-09-01
1725177600,379.77,0.09,03,2024-09-01
1725181200,379.86,0.09,04,2024-09-01
1725184800,379.95,0.09,05,2024-09-01
1725188400,380.04,0.09,06,2024-09-01
1725192000,380.13,0.09,07,2024-09-01
1725195600,380.21,0.08,08,2024-09-01
1725199200,380.30,0.09,09,2024-09-01
1725202800,380.39,0.09,10,2024-09-01
1725206400,380.48,0.09,11,2024-09-01
1725210000,380.57,0.09,12,2024-09-01
1725213600,380.66,0.09,13,2024-09-01
1725217200,380.75,0.09,14,2024-09-01
1725220800,380.84,0.09,15,2024-09-01
1725224400,380.93,0.09,16,2024-09-01
1725228000,381.02,0.09,17,2024-09-01
1725231600,381.11,0.09,18,2024-09-01
1725235200,381.20,0.09,19,2024-09-01
1725238800,381.29,0.09,20,2024-09-01
1725242400,381.38,0.09,21,2024-09-01
1725246000,381.47,0.09,22,2024-09-01
1725249600,381.56,0.09,23,2024-09-01
1725253200,381.65,0.09,00,2024-09-02
1725256800,381.74,0.09,01,2024-09-02
1725260400,381.83,0.09,02,2024-09-02
1725264000,381.92,0.09,03,2024-09-02
1725267600,382.00,0.08,04,2024-09-02
1725271200,382.09,0.09,05,2024-09-02
1725274800,382.18,0.09,06,2024-09-02
1725278400,382.27,0.09,07,2024-09-02
1725282000,382.36,0.09,08,2024-09-02
1725285600,382.45,0.09,09,2024-09-02
1725289200,382.54,0.09,10,2024-09-02
1725292800,382.63,0.09,11,2024-09-02
1725296400,382.72,0.09,12,2024-09-02
1725300000,382.81,0.09,13,2024-09-02
1725303600,382.90,0.09,14,2024-09-02
1725307200,382.99,0.09,15,2024-09-02
1725310800,383.08,0.09,16,2024-09-02
1725314400,383.17,0.09,17,2024-09-02
1725318000,383.26,0.09,18,2024-09-02
1725321600,383.35,0.09,19,2024-09-02
1725325200,383.44,0.09,20,2024-09-02
1725328800,383.53,0.09,21,2024-09-02
1725332400,383.62,0.09,22,2024-09-02
1725336000,383.70,0.08,23,2024-09-02
1725339600,383.79,0.09,00,2024-09-03
1725343200,383.86,0.07,01,2024-09-03
1725346800,383.92,0.06,02,2024-09-03
1725350400,383.98,0.06,03,2024-09-03
1725354000,384.04,0.06,04,2024-09-03
1725357600,384.10,0.06,05,2024-09-03
1725361200,384.16,0.06,06,2024-09-03
1725364800,384.23,0.07,07,2024-09-03
1725368400,384.29,0.06,08,2024-09-03
1725372000,384.35,0.06,09,2024-09-03
1725375600,384.41,0.06,10,2024-09-03
1725379200,384.47,0.06,11,2024-09-03
1725382800,384.53,0.06,12,2024-09-03
1725386400,384.59,0.06,13,2024-09-03
1725390000,384.66,0.07,14,2024-09-03
1725393600,384.72,0.06,15,2024-09-03
1725397200,384.78,0.06,16,2024-09-03
1725400800,384.84,0.06,17,2024-09-03
1725404400,384.90,0.06,18,2024-09-03
1725408000,384.96,0.06,19,2024-09-03
1725411600,385.02,0.06,20,2024-09-03
1725415200,385.09,0.07,21,2024-09-03
1725418800,385.15,0.06,22,2024-09-03
1725422400,385.21,0.06,23,2024-09-03
1725426000,385.27,0.06,00,2024-09-04
1725429600,385.33,0.06,01,2024-09-04
1725433200,385.39,0.06,02,2024-09-04
1725436800,385.45,0.06,03,2024-09-04
1725440400,385.51,0.06,04,2024-09-04
1725444000,385.58,0.07,05,2024-09-04
1725447600,385.64,0.06,06,2024-09-04
1725451200,385.70,0.06,07,2024-09-04
1725454800,385.76,0.06,08,2024-09-04
1725458400,385.82,0.06,09,2024-09-04
1725462000,385.88,0.06,10,2024-09-04
1725465600,385.94,0.06,11,2024-09-04
1725469200,386.01,0.07,12,2024-09-04
1725472800,386.07,0.06,13,2024-09-04
1725476400,386.13,0.06,14,2024-09-04
1725480000,386.19,0.06,15,2024-09-04
1725483600,386.25,0.06,16,2024-09-04
1725487200,386.31,0.06,17,2024-09-04
1725490800,386.37,0.06,18,2024-09-04
1725494400,386.44,0.07,19,2024-09-04
1725498000,386.50,0.06,20,2024-09-04
1725501600,386.56,0.06,21,2024-09-04
1725505200,386.62,0.06,22,2024-09-04
1725508800,386.68,0.06,23,2024-09-04
1725512400,386.74,0.06,00,2024-09-05
1725516000,386.80,0.06,01,2024-09-05
1725519600,386.87,0.07,02,2024-09-05
1725523200,386.93,0.06,03,2024-09-05
1725526800,386.99,0.06,04,2024-09-05
1725530400,387.05,0.06,05,2024-09-05
1725534000,387.11,0.06,06,2024-09-05
1725537600,387.17,0.06,07,2024-09-05
1725541200,387.23,0.06,08,2024-09-05
1725544800,387.29,0.06,09,2024-09-05
1725548400,387.36,0.07,10,2024-09-05
1725552000,387.42,0.06,11,2024-09-05
1725555600,387.48,0.06,12,2024-09-05
1725559200,387.54,0.06,13,2024-09-05
1725562800,387.60,0.06,14,2024-09-05
1725566400,387.66,0.06,15,2024-09-05
1725570000,387.72,0.06,16,2024-09-05
1725573600,387.79,0.07,17,2024-09-05
1725577200,387.85,0.06,18,2024-09-05
1725580800,387.91,0.06,19,2024-09-05
1725584400,387.97,0.06,20,2024-09-05
1725588000,388.03,0.06,21,2024-09-05
1725591600,388.09,0.06,22,2024-09-05
1725595200,388.15,0.06,23,2024-09-05
1725598800,388.22,0.07,00,2024-09-06
1725602400,388.28,0.06,01,2024-09-06
1725606000,388.34,0.06,02,2024-09-06
1725609600,388.40,0.06,03,2024-09-06
1725613200,388.46,0.06,04,2024-09-06
1725616800,388.52,0.06,05,2024-09-06
1725620400,388.58,0.06,06,2024-09-06
1725624000,388.65,0.07,07,2024-09-06
1725627600,388.71,0.06,08,2024-09-06
1725631200,388.77,0.06,09,2024-09-06
1725634800,388.83,0.06,10,2024-09-06
1725638400,388.89,0.06,11,2024-09-06
1725642000,388.95,0.06,12,2024-09-06
1725645600,389.01,0.06,13,2024-09-06
1725649200,389.07,0.06,14,2024-09-06
1725652800,389.14,0.07,15,2024-09-06
1725656400,389.20,0.06,16,2024-09-06
1725660000,389.26,0.06,17,2024-09-06
1725663600,389.32,0.06,18,2024-09-06
1725667200,389.38,0.06,19,2024-09-06
1725670800,389.44,0.06,20,2024-09-06
1725674400,389.50,0.06,21,2024-09-06
1725678000,389.57,0.07,22,2024-09-06
1725681600,389.63,0.06,23,2024-09-06
1725685200,389.69,0.06,00,2024-09-07
1725688800,389.75,0.06,01,2024-09-07
1725692400,389.81,0.06,02,2024-09-07
1725696000,389.87,0.06,03,2024-09-07
1725699600,389.93,0.06,04,2024-09-07
1725703200,390.00,0.07,05,2024-09-07
1725706800,390.06,0.06,06,2024-09-07
1725710400,390.12,0.06,07,2024-09-07
1725714000,390.18,0.06,08,2024-09-07
1725717600,390.24,0.06,09,2024-09-07
1725721200,390.30,0.06,10,2024-09-07
1725724800,390.36,0.06,11,2024-09-07
1725728400,390.42,0.06,12,2024-09-07
1725732000,390.49,0.07,13,2024-09-07
1725735600,390.55,0.06,14,2024-09-07
1725739200,390.61,0.06,15,2024-09-07
1725742800,390.67,0.06,16,2024-09-07
1725746400,390.73,0.06,17,2024-09-07
1725750000,390.79,0.06,18,2024-09-07
1725753600,390.85,0.06,19,2024-09-07
1725757200,390.92,0.07,20,2024-09-07
1725760800,390.98,0.06,21,2024-09-07
1725764400,391.04,0.06,22,2024-09-07
1725768000,391.10,0.06,23,2024-09-07
1725771600,391.16,0.06,00,2024-09-08
1725775200,391.22,0.06,01,2024-09-08
1725778800,391.28,0.06,02,2024-09-08
1725782400,391.35,0.07,03,2024-09-08
1725786000,391.41,0.06,04,2024-09-08
1725789600,391.47,0.06,05,2024-09-08
1725793200,391.53,0.06,06,2024-09-08
1725796800,391.59,0.06,07,2024-09-08
1725800400,391.65,0.06,08,2024-09-08
1725804000,391.71,0.06,09,2024-09-08
1725807600,391.78,0.07,10,2024-09-08
1725811200,391.84,0.06,11,2024-09-08
1725814800,391.90,0.06,12,2024-09-08
1725818400,391.96,0.06,13,2024-09-08
1725822000,392.02,0.06,14,2024-09-08
1725825600,392.08,0.06,15,2024-09-08
1725829200,392.14,0.06,16,2024-09-08
1725832800,392.20,0.06,17,2024-09-08
1725836400,392.27,0.07,18,2024-09-08
1725840000,392.33,0.06,19,2024-09-08
1725843600,392.39,0.06,20,2024-09-08
1725847200,392.45,0.06,21,2024-09-08
1725850800,392.51,0.06,22,2024-09-08
1725854400,392.57,0.06,23,2024-09-08
1725858000,392.63,0.06,00,2024-09-09
1725861600,392.70,0.07,01,2024-09-09
1725865200,392.76,0.06,02,2024-09-09
1725868800,392.82,0.06,03,2024-09-09
1725872400,392.88,0.06,04,2024-09-09
1725876000,392.94,0.06,05,2024-09-09
1725879600,393.00,0.06,06,2024-09-09
1725883200,393.06,0.06,07,2024-09-09
1725886800,393.13,0.07,08,2024-09-09
1725890400,393.19,0.06,09,2024-09-09
1725894000,393.25,0.06,10,2024-09-09
1725897600,393.31,0.06,11,2024-09-09
1725901200,393.37,0.06,12,2024-09-09
1725904800,393.43,0.06,13,2024-09-09
1725908400,393.49,0.06,14,2024-09-09
1725912000,393.56,0.07,15,2024-09-09
1725915600,393.62,0.06,16,2024-09-09
1725919200,393.68,0.06,17,2024-09-09
1725922800,393.74,0.06,18,2024-09-09
1725926400,393.80,0.06,19,2024-09-09
1725930000,393.86,0.06,20,2024-09-09
1725933600,393.92,0.06,21,2024-09-09
1725937200,393.98,0.06,22,2024-09-09
1725940800,394.05,0.07,23,2024-09-09
1725944400,394.11,0.06,00,2024-09-10
1725948000,394.15,0.04,01,2024-09-10
1725951600,394.20,0.05,02,2024-09-10
1725955200,394.25,0.05,03,2024-09-10
1725958800,394.29,0.04,04,2024-09-10
1725962400,394.34,0.05,05,2024-09-10
1725966000,394.38,0.04,06,2024-09-10
1725969600,394.43,0.05,07,2024-09-10
1725973200,394.48,0.05,08,2024-09-10
1725976800,394.52,0.04,09,2024-09-10
1725980400,394.57,0.05,10,2024-09-10
1725984000,394.62,0.05,11,2024-09-10
1725987600,394.66,0.04,12,2024-09-10
1725991200,394.71,0.05,13,2024-09-10
1725994800,394.76,0.05,14,2024-09-10
1725998400,394.80,0.04,15,2024-09-10
1726002000,394.85,0.05,16,2024-09-10
1726005600,394.90,0.05,17,2024-09-10
1726009200,394.94,0.04,18,2024-09-10
1726012800,394.99,0.05,19,2024-09-10
1726016400,395.03,0.04,20,2024-09-10
1726020000,395.08,0.05,21,2024-09-10
1726023600,395.13,0.05,22,2024-09-10
1726027200,395.17,0.04,23,2024-09-10
1726030800,395.22,0.05,00,2024-09-11
1726034400,395.27,0.05,01,2024-09-11
1726038000,395.31,0.04,02,2024-09-11
1726041600,395.36,0.05,03,2024-09-11
1726045200,395.41,0.05,04,2024-09-11
1726048800,395.45,0.04,05,2024-09-11
1726052400,395.50,0.05,06,2024-09-11
1726056000,395.55,0.05,07,2024-09-11
1726059600,395.59,0.04,08,2024-09-11
1726063200,395.64,0.05,09,2024-09-11
1726066800,395.68,0.04,10,2024-09-11
1726070400,395.73,0.05,11,2024-09-11
1726074000,395.78,0.05,12,2024-09-11
1726077600,395.82,0.04,13,2024-09-11
1726081200,395.87,0.05,14,2024-09-11
1726084800,395.92,0.05,15,2024-09-11
1726088400,395.96,0.04,16,2024-09-11
1726092000,396.01,0.05,17,2024-09-11
1726095600,396.06,0.05,18,2024-09-11
1726099200,396.10,0.04,19,2024-09-11
1726102800,396.15,0.05,20,2024-09-11
1726106400,396.19,0.04,21,2024-09-11
1726110000,396.24,0.05,22,2024-09-11
1726113600,396.29,0.05,23,2024-09-11
1726117200,396.33,0.04,00,2024-09-12
1726120800,396.38,0.05,01,2024-09-12
1726124400,396.43,0.05,02,2024-09-12
1726128000,396.47,0.04,03,2024-09-12
1726131600,396.52,0.05,04,2024-09-12
1726135200,396.57,0.05,05,2024-09-12
1726138800,396.61,0.04,06,2024-09-12
1726142400,396.66,0.05,07,2024-09-12
1726146000,396.71,0.05,08,2024-09-12
1726149600,396.75,0.04,09,2024-09-12
1726153200,396.80,0.05,10,2024-09-12
1726156800,396.84,0.04,11,2024-09-12
1726160400,396.89,0.05,12,2024-09-12
1726164000,396.94,0.05,13,2024-09-12
1726167600,396.98,0.04,14,2024-09-12
1726171200,397.03,0.05,15,2024-09-12
1726174800,397.08,0.05,16,2024-09-12
1726178400,397.12,0.04,17,2024-09-12
1726182000,397.17,0.05,18,2024-09-12
1726185600,397.22,0.05,19,2024-09-12
1726189200,397.26,0.04,20,2024-09-12
1726192800,397.31,0.05,21,2024-09-12
1726196400,397.36,0.05,22,2024-09-12
1726200000,397.40,0.04,23,2024-09-12
1726203600,397.45,0.05,00,2024-09-13
1726207200,397.49,0.04,01,2024-09-13
1726210800,397.54,0.05,02,2024-09-13
1726214400,397.59,0.05,03,2024-09-13
1726218000,397.63,0.04,04,2024-09-13
1726221600,397.68,0.05,05,2024-09-13
1726225200,397.73,0.05,06,2024-09-13
1726228800,397.77,0.04,07,2024-09-13
1726232400,397.82,0.05,08,2024-09-13
1726236000,397.87,0.05,09,2024-09-13
1726239600,397.91,0.04,10,2024-09-13
1726243200,397.96,0.05,11,2024-09-13
1726246800,398.01,0.05,12,2024-09-13
1726250400,398.05,0.04,13,2024-09-13
1726254000,398.10,0.05,14,2024-09-13
1726257600,398.14,0.04,15,2024-09-13
1726261200,398.19,0.05,16,2024-09-13
1726264800,398.24,0.05,17,2024-09-13
1726268400,398.28,0.04,18,2024-09-13
1726272000,398.33,0.05,19,2024-09-13
1726275600,398.38,0.05,20,2024-09-13
1726279200,398.42,0.04,21,2024-09-13
1726282800,398.47,0.05,22,2024-09-13
1726286400,398.52,0.05,23,2024-09-13
1726290000,398.56,0.04,00,2024-09-14
1726293600,398.61,0.05,01,2024-09-14
1726297200,398.66,0.05,02,2024-09-14
1726300800,398.70,0.04,03,2024-09-14
1726304400,398.75,0.05,04,2024-09-14
1726308000,398.79,0.04,05,2024-09-14
1726311600,398.84,0.05,06,2024-09-14
1726315200,398.89,0.05,07,2024-09-14
1726318800,398.93,0.04,08,2024-09-14
1726322400,398.98,0.05,09,2024-09-14
1726326000,399.03,0.05,10,2024-09-14
1726329600,399.07,0.04,11,2024-09-14
1726333200,399.12,0.05,12,2024-09-14
1726336800,399.17,0.05,13,2024-09-14
1726340400,399.21,0.04,14,2024-09-14
1726344000,399.26,0.05,15,2024-09-14
1726347600,399.31,0.05,16,2024-09-14
1726351200,399.35,0.04,17,2024-09-14
1726354800,399.40,0.05,18,2024-09-14
1726358400,399.44,0.04,19,2024-09-14
1726362000,399.49,0.05,20,2024-09-14
1726365600,399.54,0.05,21,2024-09-14
1726369200,399.58,0.04,22,2024-09-14
1726372800,399.63,0.05,23,2024-09-14
1726376400,399.68,0.05,00,2024-09-15
1726380000,399.72,0.04,01,2024-09-15
1726383600,399.77,0.05,02,2024-09-15
1726387200,399.82,0.05,03,2024-09-15
1726390800,399.86,0.04,04,2024-09-15
1726394400,399.91,0.05,05,2024-09-15
1726398000,399.96,0.05,06,2024-09-15
1726401600,400.00,0.04,07,2024-09-15
1726405200,400.05,0.05,08,2024-09-15
1726408800,400.09,0.04,09,2024-09-15
1726412400,400.14,0.05,10,2024-09-15
1726416000,400.19,0.05,11,2024-09-15
1726419600,400.23,0.04,12,2024-09-15
1726423200,400.28,0.05,13,2024-09-15
1726426800,400.33,0.05,14,2024-09-15
1726430400,400.37,0.04,15,2024-09-15
1726434000,400.42,0.05,16,2024-09-15
1726437600,400.47,0.05,17,2024-09-15
1726441200,400.51,0.04,18,2024-09-15
1726444800,400.56,0.05,19,2024-09-15
1726448400,400.61,0.05,20,2024-09-15
1726452000,400.65,0.04,21,2024-09-15
1726455600,400.70,0.05,22,2024-09-15
1726459200,400.74,0.04,23,2024-09-15
1726462800,400.79,0.05,00,2024-09-16
1726466400,400.84,0.05,01,2024-09-16
1726470000,400.88,0.04,02,2024-09-16
1726473600,400.93,0.05,03,2024-09-16
1726477200,400.98,0.05,04,2024-09-16
1726480800,401.02,0.04,05,2024-09-16
1726484400,401.07,0.05,06,2024-09-16
1726488000,401.12,0.05,07,2024-09-16
1726491600,401.16,0.04,08,2024-09-16
1726495200,401.21,0.05,09,2024-09-16
1726498800,401.26,0.05,10,2024-09-16
1726502400,401.30,0.04,11,2024-09-16
1726506000,401.35,0.05,12,2024-09-16
1726509600,401.39,0.04,13,2024-09-16
1726513200,401.44,0.05,14,2024-09-16
1726516800,401.49,0.05,15,2024-09-16
1726520400,401.53,0.04,16,2024-09-16
1726524000,401.58,0.05,17,2024-09-16
1726527600,401.63,0.05,18,2024-09-16
1726531200,401.67,0.04,19,2024-09-16
1726534800,401.72,0.05,20,2024-09-16
1726538400,401.77,0.05,21,2024-09-16
1726542000,401.82,0.05,22,2024-09-16
1726545600,401.87,0.05,23,2024-09-16
1726549200,401.92,0.05,00,2024-09-17
1726552800,401.97,0.05,01,2024-09-17
1726556400,402.02,0.05,02,2024-09-17
1726560000,402.07,0.05,03,2024-09-17
1726563600,402.12,0.05,04,2024-09-17
1726567200,402.16,0.04,05,2024-09-17
1726570800,402.21,0.05,06,2024-09-17
1726574400,402.26,0.05,07,2024-09-17
1726578000,402.31,0.05,08,2024-09-17
1726581600,402.36,0.05,09,2024-09-17
1726585200,402.41,0.05,10,2024-09-17
1726588800,402.46,0.05,11,2024-09-17
1726592400,402.51,0.05,12,2024-09-17
1726596000,402.56,0.05,13,2024-09-17
1726599600,402.61,0.05,14,2024-09-17
1726603200,402.66,0.05,15,2024-09-17
1726606800,402.71,0.05,16,2024-09-17
1726610400,402.76,0.05,17,2024-09-17
1726614000,402.81,0.05,18,2024-09-17
1726617600,402.85,0.04,19,2024-09-17
1726621200,402.90,0.05,20,2024-09-17
1726624800,402.95,0.05,21,2024-09-17
1726628400,403.00,0.05,22,2024-09-17
1726632000,403.05,0.05,23,2024-09-17
1726635600,403.10,0.05,00,2024-09-18
1726639200,403.15,0.05,01,2024-09-18
1726642800,403.20,0.05,02,2024-09-18
1726646400,403.25,0.05,03,2024-09-18
1726650000,403.30,0.05,04,2024-09-18
1726653600,403.35,0.05,05,2024-09-18
1726657200,403.40,0.05,06,2024-09-18
1726660800,403.45,0.05,07,2024-09-18
1726664400,403.50,0.05,08,2024-09-18
1726668000,403.54,0.04,09,2024-09-18
1726671600,403.59,0.05,10,2024-09-18
1726675200,403.64,0.05,11,2024-09-18
1726678800,403.69,0.05,12,2024-09-18
1726682400,403.74,0.05,13,2024-09-18
1726686000,403.79,0.05,14,2024-09-18
1726689600,403.84,0.05,15,2024-09-18
1726693200,403.89,0.05,16,2024-09-18
1726696800,403.94,0.05,17,2024-09-18
1726700400,403.99,0.05,18,2024-09-18
1726704000,404.04,0.05,19,2024-09-18
1726707600,404.09,0.05,20,2024-09-18
1726711200,404.14,0.05,21,2024-09-18
1726714800,404.19,0.05,22,2024-09-18
1726718400,404.23,0.04,23,2024-09-18
1726722000,404.28,0.05,00,2024-09-19
1726725600,404.33,0.05,01,2024-09-19
1726729200,404.38,0.05,02,2024-09-19
1726732800,404.43,0.05,03,2024-09-19
1726736400,404.48,0.05,04,2024-09-19
1726740000,404.53,0.05,05,2024-09-19
1726743600,404.58,0.05,06,2024-09-19
1726747200,404.63,0.05,07,2024-09-19
1726750800,404.68,0.05,08,2024-09-19
1726754400,404.73,0.05,09,2024-09-19
1726758000,404.78,0.05,10,2024-09-19
1726761600,404.83,0.05,11,2024-09-19
1726765200,404.87,0.04,12,2024-09-19
1726768800,404.92,0.05,13,2024-09-19
1726772400,404.97,0.05,14,2024-09-19
1726776000,405.02,0.05,15,2024-09-19
1726779600,405.07,0.05,16,2024-09-19
1726783200,405.12,0.05,17,2024-09-19
1726786800,405.17,0.05,18,2024-09-19
1726790400,405.22,0.05,19,2024-09-19
1726794000,405.27,0.05,20,2024-09-19
1726797600,405.32,0.05,21,2024-09-19
1726801200,405.37,0.05,22,2024-09-19
1726804800,405.42,0.05,23,2024-09-19
1726808400,405.47,0.05,00,2024-09-20
1726812000,405.52,0.05,01,2024-09-20
1726815600,405.56,0.04,02,2024-09-20
1726819200,405.61,0.05,03,2024-09-20
1726822800,405.66,0.05,04,2024-09-20
1726826400,405.71,0.05,05,2024-09-20
1726830000,405.76,0.05,06,2024-09-20
1726833600,405.81,0.05,07,2024-09-20
1726837200,405.86,0.05,08,2024-09-20
1726840800,405.91,0.05,09,2024-09-20
1726844400,405.96,0.05,10,2024-09-20
1726848000,406.01,0.05,11,2024-09-20
1726851600,406.06,0.05,12,2024-09-20
1726855200,406.11,0.05,13,2024-09-20
1726858800,406.16,0.05,14,2024-09-20
1726862400,406.21,0.05,15,2024-09-20
1726866000,406.25,0.04,16,2024-09-20
1726869600,406.30,0.05,17,2024-09-20
1726873200,406.35,0.05,18,2024-09-20
1726876800,406.40,0.05,19,2024-09-20
1726880400,406.45,0.05,20,2024-09-20
1726884000,406.50,0.05,21,2024-09-20
1726887600,406.55,0.05,22,2024-09-20
1726891200,406.60,0.05,23,2024-09-20
1726894800,406.65,0.05,00,2024-09-21
1726898400,406.70,0.05,01,2024-09-21
1726902000,406.75,0.05,02,2024-09-21
1726905600,406.80,0.05,03,2024-09-21
1726909200,406.85,0.05,04,2024-09-21
1726912800,406.90,0.05,05,2024-09-21
1726916400,406.94,0.04,06,2024-09-21
1726920000,406.99,0.05,07,2024-09-21
1726923600,407.04,0.05,08,2024-09-21
1726927200,407.09,0.05,09,2024-09-21
1726930800,407.14,0.05,10,2024-09-21
1726934400,407.19,0.05,11,2024-09-21
1726938000,407.24,0.05,12,2024-09-21
1726941600,407.29,0.05,13,2024-09-21
1726945200,407.34,0.05,14,2024-09-21
1726948800,407.39,0.05,15,2024-09-21
1726952400,407.44,0.05,16,2024-09-21
1726956000,407.49,0.05,17,2024-09-21
1726959600,407.54,0.05,18,2024-09-21
1726963200,407.59,0.05,19,2024-09-21
1726966800,407.63,0.04,20,2024-09-21
1726970400,407.68,0.05,21,2024-09-21
1726974000,407.73,0.05,22,2024-09-21
1726977600,407.78,0.05,23,2024-09-21
1726981200,407.83,0.05,00,2024-09-22
1726984800,407.88,0.05,01,2024-09-22
1726988400,407.93,0.05,02,2024-09-22
1726992000,407.98,0.05,03,2024-09-22
1726995600,408.03,0.05,04,2024-09-22
1726999200,408.08,0.05,05,2024-09-22
1727002800,408.13,0.05,06,2024-09-22
1727006400,408.18,0.05,07,2024-09-22
1727010000,408.23,0.05,08,2024-09-22
1727013600,408.28,0.05,09,2024-09-22
1727017200,408.32,0.04,10,2024-09-22
1727020800,408.37,0.05,11,2024-09-22
1727024400,408.42,0.05,12,2024-09-22
1727028000,408.47,0.05,13,2024-09-22
1727031600,408.52,0.05,14,2024-09-22
1727035200,408.57,0.05,15,2024-09-22
1727038800,408.62,0.05,16,2024-09-22
1727042400,408.67,0.05,17,2024-09-22
1727046000,408.72,0.05,18,2024-09-22
1727049600,408.77,0.05,19,2024-09-22
1727053200,408.82,0.05,20,2024-09-22
1727056800,408.87,0.05,21,2024-09-22
1727060400,408.92,0.05,22,2024-09-22
1727064000,408.97,0.05,23,2024-09-22
1727067600,409.01,0.04,00,2024-09-23
1727071200,409.06,0.05,01,2024-09-23
1727074800,409.11,0.05,02,2024-09-23
1727078400,409.16,0.05,03,2024-09-23
1727082000,409.21,0.05,04,2024-09-23
1727085600,409.26,0.05,05,2024-09-23
1727089200,409.31,0.05,06,2024-09-23
1727092800,409.36,0.05,07,2024-09-23
1727096400,409.41,0.05,08,2024-09-23
1727100000,409.46,0.05,09,2024-09-23
1727103600,409.51,0.05,10,2024-09-23
1727107200,409.56,0.05,11,2024-09-23
1727110800,409.61,0.05,12,2024-09-23
1727114400,409.66,0.05,13,2024-09-23
1727118000,409.70,0.04,14,2024-09-23
1727121600,409.75,0.05,15,2024-09-23
1727125200,409.80,0.05,16,2024-09-23
1727128800,409.85,0.05,17,2024-09-23
1727132400,409.90,0.05,18,2024-09-23
1727136000,409.95,0.05,19,2024-09-23
1727139600,410.00,0.05,20,2024-09-23
1727143200,410.05,0.05,21,2024-09-23
1727146800,410.10,0.05,22,2024-09-23
1727150400,410.15,0.05,23,2024-09-23
1727154000,410.20,0.05,00,2024-09-24
1727157600,410.25,0.05,01,2024-09-24
1727161200,410.30,0.05,02,2024-09-24
1727164800,410.34,0.04,03,2024-09-24
1727168400,410.39,0.05,04,2024-09-24
1727172000,410.44,0.05,05,2024-09-24
1727175600,410.49,0.05,06,2024-09-24
1727179200,410.54,0.05,07,2024-09-24
1727182800,410.59,0.05,08,2024-09-24
1727186400,410.64,0.05,09,2024-09-24
1727190000,410.69,0.05,10,2024-09-24
1727193600,410.74,0.05,11,2024-09-24
1727197200,410.79,0.05,12,2024-09-24
1727200800,410.84,0.05,13,2024-09-24
1727204400,410.89,0.05,14,2024-09-24
1727208000,410.94,0.05,15,2024-09-24
1727211600,410.99,0.05,16,2024-09-24
1727215200,411.03,0.04,17,2024-09-24
1727218800,411.08,0.05,18,2024-09-24
1727222400,411.13,0.05,19,2024-09-24
1727226000,411.18,0.05,20,2024-09-24
1727229600,411.23,0.05,21,2024-09-24
1727233200,411.28,0.05,22,2024-09-24
1727236800,411.33,0.05,23,2024-09-24
1727240400,411.38,0.05,00,2024-09-25
1727244000,411.43,0.05,01,2024-09-25
1727247600,411.48,0.05,02,2024-09-25
1727251200,411.53,0.05,03,2024-09-25
1727254800,411.58,0.05,04,2024-09-25
1727258400,411.63,0.05,05,2024-09-25
1727262000,411.68,0.05,06,2024-09-25
1727265600,411.72,0.04,07,2024-09-25
1727269200,411.77,0.05,08,2024-09-25
1727272800,411.82,0.05,09,2024-09-25
1727276400,411.87,0.05,10,2024-09-25
1727280000,411.92,0.05,11,2024-09-25
1727283600,411.97,0.05,12,2024-09-25
1727287200,412.02,0.05,13,2024-09-25
1727290800,412.07,0.05,14,2024-09-25
1727294400,412.12,0.05,15,2024-09-25
1727298000,412.17,0.05,16,2024-09-25
1727301600,412.22,0.05,17,2024-09-25
1727305200,412.27,0.05,18,2024-09-25
1727308800,412.32,0.05,19,2024-09-25
1727312400,412.37,0.05,20,2024-09-25
1727316000,412.41,0.04,21,2024-09-25
1727319600,412.46,0.05,22,2024-09-25
1727323200,412.51,0.05,23,2024-09-25
1727326800,412.56,0.05,00,2024-09-26
1727330400,412.61,0.05,01,2024-09-26
1727334000,412.66,0.05,02,2024-09-26
1727337600,412.71,0.05,03,2024-09-26
1727341200,412.76,0.05,04,2024-09-26
1727344800,412.81,0.05,05,2024-09-26
1727348400,412.86,0.05,06,2024-09-26
1727352000,412.91,0.05,07,2024-09-26
1727355600,412.96,0.05,08,2024-09-26
1727359200,413.01,0.05,09,2024-09-26
1727362800,413.06,0.05,10,2024-09-26
1727366400,413.10,0.04,11,2024-09-26
1727370000,413.15,0.05,12,2024-09-26
1727373600,413.20,0.05,13,2024-09-26
1727377200,413.25,0.05,14,2024-09-26
1727380800,413.30,0.05,15,2024-09-26
1727384400,413.35,0.05,16,2024-09-26
1727388000,413.40,0.05,17,2024-09-26
1727391600,413.45,0.05,18,2024-09-26
1727395200,413.50,0.05,19,2024-09-26
1727398800,413.55,0.05,20,2024-09-26
1727402400,413.60,0.05,21,2024-09-26
1727406000,413.65,0.05,22,2024-09-26
1727409600,413.70,0.05,23,2024-09-26
1727413200,413.75,0.05,00,2024-09-27
1727416800,413.79,0.04,01,2024-09-27
1727420400,413.84,0.05,02,2024-09-27
1727424000,413.89,0.05,03,2024-09-27
1727427600,413.94,0.05,04,2024-09-27
1727431200,413.99,0.05,05,2024-09-27
1727434800,414.04,0.05,06,2024-09-27
1727438400,414.09,0.05,07,2024-09-27
1727442000,414.14,0.05,08,2024-09-27
1727445600,414.19,0.05,09,2024-09-27
1727449200,414.24,0.05,10,2024-09-27
1727452800,414.29,0.05,11,2024-09-27
1727456400,414.34,0.05,12,2024-09-27
1727460000,414.39,0.05,13,2024-09-27
1727463600,414.44,0.05,14,2024-09-27
1727467200,414.48,0.04,15,2024-09-27
1727470800,414.53,0.05,16,2024-09-27
1727474400,414.58,0.05,17,2024-09-27
1727478000,414.63,0.05,18,2024-09-27
1727481600,414.68,0.05,19,2024-09-27
1727485200,414.73,0.05,20,2024-09-27
1727488800,414.78,0.05,21,2024-09-27
1727492400,414.83,0.05,22,2024-09-27
1727496000,414.87,0.04,23,2024-09-27
1727499600,414.92,0.05,00,2024-09-28
1727503200,414.97,0.05,01,2024-09-28
1727506800,415.02,0.05,02,2024-09-28
1727510400,415.07,0.05,03,2024-09-28
1727514000,415.12,0.05,04,2024-09-28
1727517600,415.17,0.05,05,2024-09-28
1727521200,415.22,0.05,06,2024-09-28
1727524800,415.26,0.04,07,2024-09-28
1727528400,415.31,0.05,08,2024-09-28
1727532000,415.36,0.05,09,2024-09-28
1727535600,415.41,0.05,10,2024-09-28
1727539200,415.46,0.05,11,2024-09-28
1727542800,415.51,0.05,12,2024-09-28
1727546400,415.56,0.05,13,2024-09-28
1727550000,415.60,0.04,14,2024-09-28
1727553600,415.65,0.05,15,2024-09-28
1727557200,415.70,0.05,16,2024-09-28
1727560800,415.75,0.05,17,2024-09-28
1727564400,415.80,0.05,18,2024-09-28
1727568000,415.85,0.05,19,2024-09-28
1727571600,415.90,0.05,20,2024-09-28
1727575200,415.94,0.04,21,2024-09-28
1727578800,415.99,0.05,22,2024-09-28
1727582400,416.04,0.05,23,2024-09-28
1727586000,416.09,0.05,00,2024-09-29
1727589600,416.14,0.05,01,2024-09-29
1727593200,416.19,0.05,02,2024-09-29
1727596800,416.24,0.05,03,2024-09-29
1727600400,416.28,0.04,04,2024-09-29
1727604000,416.33,0.05,05,2024-09-29
1727607600,416.38,0.05,06,2024-09-29
1727611200,416.43,0.05,07,2024-09-29
1727614800,416.48,0.05,08,2024-09-29
1727618400,416.53,0.05,09,2024-09-29
1727622000,416.58,0.05,10,2024-09-29
1727625600,416.63,0.05,11,2024-09-29
1727629200,416.67,0.04,12,2024-09-29
1727632800,416.72,0.05,13,2024-09-29
1727636400,416.77,0.05,14,2024-09-29
1727640000,416.82,0.05,15,2024-09-29
1727643600,416.87,0.05,16,2024-09-29
1727647200,416.92,0.05,17,2024-09-29
1727650800,416.97,0.05,18,2024-09-29
1727654400,417.01,0.04,19,2024-09-29
1727658000,417.06,0.05,20,2024-09-29
1727661600,417.11,0.05,21,2024-09-29
1727665200,417.16,0.05,22,2024-09-29
1727668800,417.21,0.05,23,2024-09-29
1727672400,417.26,0.05,00,2024-09-30
1727676000,417.31,0.05,01,2024-09-30
1727679600,417.35,0.04,02,2024-09-30
1727683200,417.40,0.05,03,2024-09-30
1727686800,417.45,0.05,04,2024-09-30
1727690400,417.50,0.05,05,2024-09-30
1727694000,417.55,0.05,06,2024-09-30
1727697600,417.60,0.05,07,2024-09-30
1727701200,417.65,0.05,08,2024-09-30
1727704800,417.69,0.04,09,2024-09-30
1727708400,417.74,0.05,10,2024-09-30
1727712000,417.79,0.05,11,2024-09-30
1727715600,417.84,0.05,12,2024-09-30
1727719200,417.89,0.05,13,2024-09-30
1727722800,417.94,0.05,14,2024-09-30
1727726400,417.99,0.05,15,2024-09-30
1727730000,418.04,0.05,16,2024-09-30
1727733600,418.08,0.04,17,2024-09-30
1727737200,418.13,0.05,18,2024-09-30
1727740800,418.18,0.05,19,2024-09-30
1727744400,418.23,0.05,20,2024-09-30
1727748000,418.28,0.05,21,2024-09-30
1727751600,418.33,0.05,22,2024-09-30
1727755200,418.38,0.05,23,2024-09-30
1727758800,418.42,0.04,00,2024-10-01
1727762400,418.47,0.05,01,2024-10-01
1727766000,418.52,0.05,02,2024-10-01
1727769600,418.57,0.05,03,2024-10-01
1727773200,418.62,0.05,04,2024-10-01
1727776800,418.67,0.05,05,2024-10-01
1727780400,418.72,0.05,06,2024-10-01
1727784000,418.76,0.04,07,2024-10-01
1727787600,418.81,0.05,08,2024-10-01
1727791200,418.86,0.05,09,2024-10-01
1727794800,418.91,0.05,10,2024-10-01
1727798400,418.96,0.05,11,2024-10-01
1727802000,419.01,0.05,12,2024-10-01
1727805600,419.06,0.05,13,2024-10-01
1727809200,419.10,0.04,14,2024-10-01
1727812800,419.15,0.05,15,2024-10-01
1727816400,419.20,0.05,16,2024-10-01
1727820000,419.25,0.05,17,2024-10-01
1727823600,419.30,0.05,18,2024-10-01
1727827200,419.35,0.05,19,2024-10-01
1727830800,419.40,0.05,20,2024-10-01
1727834400,419.44,0.04,21,2024-10-01
1727838000,419.49,0.05,22,2024-10-01
1727841600,419.54,0.05,23,2024-10-01
1727845200,419.59,0.05,00,2024-10-02
1727848800,419.64,0.05,01,2024-10-02
1727852400,419.69,0.05,02,2024-10-02
1727856000,419.74,0.05,03,2024-10-02
1727859600,419.79,0.05,04,2024-10-02
1727863200,419.83,0.04,05,2024-10-02
1727866800,419.88,0.05,06,2024-10-02
1727870400,419.93,0.05,07,2024-10-02
1727874000,419.98,0.05,08,2024-10-02
1727877600,420.03,0.05,09,2024-10-02
1727881200,420.08,0.05,10,2024-10-02
1727884800,420.13,0.05,11,2024-10-02
1727888400,420.17,0.04,12,2024-10-02
1727892000,420.22,0.05,13,2024-10-02
1727895600,420.27,0.05,14,2024-10-02
1727899200,420.32,0.05,15,2024-10-02
1727902800,420.37,0.05,16,2024-10-02
1727906400,420.42,0.05,17,2024-10-02
1727910000,420.47,0.05,18,2024-10-02
1727913600,420.51,0.04,19,2024-10-02
1727917200,420.56,0.05,20,2024-10-02
1727920800,420.61,0.05,21,2024-10-02
1727924400,420.66,0.05,22,2024-10-02
1727928000,420.71,0.05,23,2024-10-02
1727931600,420.76,0.05,00,2024-10-03
1727935200,420.81,0.05,01,2024-10-03
1727938800,420.85,0.04,02,2024-10-03
1727942400,420.90,0.05,03,2024-10-03
1727946000,420.95,0.05,04,2024-10-03
1727949600,421.00,0.05,05,2024-10-03
1727953200,421.05,0.05,06,2024-10-03
1727956800,421.10,0.05,07,2024-10-03
1727960400,421.15,0.05,08,2024-10-03
1727964000,421.20,0.05,09,2024-10-03
1727967600,421.24,0.04,10,2024-10-03
1727971200,421.29,0.05,11,2024-10-03
1727974800,421.34,0.05,12,2024-10-03
1727978400,421.39,0.05,13,2024-10-03
1727982000,421.44,0.05,14,2024-10-03
1727985600,421.49,0.05,15,2024-10-03
1727989200,421.54,0.05,16,2024-10-03
1727992800,421.58,0.04,17,2024-10-03
1727996400,421.63,0.05,18,2024-10-03
1728000000,421.68,0.05,19,2024-10-03
1728003600,421.73,0.05,20,2024-10-03
1728007200,421.78,0.05,21,2024-10-03
1728010800,421.83,0.05,22,2024-10-03
1728014400,421.88,0.05,23,2024-10-03
1728018000,421.92,0.04,00,2024-10-04
1728021600,421.97,0.05,01,2024-10-04
1728025200,422.02,0.05,02,2024-10-04
1728028800,422.07,0.05,03,2024-10-04
1728032400,422.12,0.05,04,2024-10-04
1728036000,422.17,0.05,05,2024-10-04
1728039600,422.22,0.05,06,2024-10-04
1728043200,422.26,0.04,07,2024-10-04
1728046800,422.31,0.05,08,2024-10-04
1728050400,422.36,0.05,09,2024-10-04
1728054000,422.41,0.05,10,2024-10-04
1728057600,422.46,0.05,11,2024-10-04
1728061200,422.51,0.05,12,2024-10-04
1728064800,422.56,0.05,13,2024-10-04
1728068400,422.60,0.04,14,2024-10-04
1728072000,422.65,0.05,15,2024-10-04
1728075600,422.70,0.05,16,2024-10-04
1728079200,422.75,0.05,17,2024-10-04
1728082800,422.80,0.05,18,2024-10-04
1728086400,422.85,0.05,19,2024-10-04
1728090000,422.90,0.05,20,2024-10-04
1728093600,422.95,0.05,21,2024-10-04
1728097200,422.99,0.04,22,2024-10-04
1728100800,423.04,0.05,23,2024-10-04
1728104400,423.09,0.05,00,2024-10-05
1728108000,423.14,0.05,01,2024-10-05
1728111600,423.19,0.05,02,2024-10-05
1728115200,423.24,0.05,03,2024-10-05
1728118800,423.29,0.05,04,2024-10-05
1728122400,423.33,0.04,05,2024-10-05
1728126000,423.38,0.05,06,2024-10-05
1728129600,423.43,0.05,07,2024-10-05
1728133200,423.48,0.05,08,2024-10-05
1728136800,423.53,0.05,09,2024-10-05
1728140400,423.58,0.05,10,2024-10-05
1728144000,423.64,0.06,11,2024-10-05
1728147600,423.75,0.11,12,2024-10-05
1728151200,423.86,0.11,13,2024-10-05
1728154800,423.97,0.11,14,2024-10-05
1728158400,424.09,0.12,15,2024-10-05
1728162000,424.20,0.11,16,2024-10-05
1728165600,424.32,0.12,17,2024-10-05
1728169200,424.65,0.33,18,2024-10-05
1728172800,424.99,0.34,19,2024-10-05
1728176400,425.32,0.33,20,2024-10-05
1728180000,425.65,0.33,21,2024-10-05
1728183600,425.99,0.34,22,2024-10-05
1728187200,426.32,0.33,23,2024-10-05
1728190800,426.62,0.3,00,2024-10-06
1728194400,426.76,0.14,01,2024-10-06
1728198000,426.90,0.14,02,2024-10-06
1728201600,427.03,0.13,03,2024-10-06
1728205200,427.17,0.14,04,2024-10-06
1728208800,427.31,0.14,05,2024-10-06
1728212400,427.45,0.14,06,2024-10-06
1728216000,427.59,0.14,07,2024-10-06
1728219600,427.72,0.13,08,2024-10-06
1728223200,427.86,0.14,09,2024-10-06
1728226800,428.00,0.14,10,2024-10-06
1728230400,428.14,0.14,11,2024-10-06
1728234000,428.28,0.14,12,2024-10-06
1728237600,428.41,0.13,13,2024-10-06
1728241200,428.55,0.14,14,2024-10-06
1728244800,428.78,0.23,15,2024-10-06
1728248400,429.05,0.27,16,2024-10-06
1728252000,429.36,0.31,17,2024-10-06
1728255600,429.73,0.37,18,2024-10-06
1728259200,430.09,0.36,19,2024-10-06
1728262800,430.45,0.36,20,2024-10-06
1728266400,430.81,0.36,21,2024-10-06
1728270000,431.18,0.37,22,2024-10-06
1728273600,431.54,0.36,23,2024-10-06
1728277200,431.79,0.25,00,2024-10-07
1728280800,431.96,0.17,01,2024-10-07
1728284400,432.13,0.17,02,2024-10-07
1728288000,432.30,0.17,03,2024-10-07
1728291600,432.47,0.17,04,2024-10-07
1728295200,432.64,0.17,05,2024-10-07
1728298800,432.81,0.17,06,2024-10-07
1728302400,432.98,0.17,07,2024-10-07
1728306000,433.15,0.17,08,2024-10-07
1728309600,433.31,0.16,09,2024-10-07
1728313200,433.48,0.17,10,2024-10-07
1728316800,433.65,0.17,11,2024-10-07
1728320400,433.82,0.17,12,2024-10-07
1728324000,433.99,0.17,13,2024-10-07
1728327600,434.16,0.17,14,2024-10-07
1728331200,434.33,0.17,15,2024-10-07
1728334800,434.50,0.17,16,2024-10-07
1728338400,434.67,0.17,17,2024-10-07
1728342000,434.84,0.17,18,2024-10-07
1728345600,435.00,0.16,19,2024-10-07
1728349200,435.17,0.17,20,2024-10-07
1728352800,435.34,0.17,21,2024-10-07
1728356400,435.51,0.17,22,2024-10-07
1728360000,435.68,0.17,23,2024-10-07
1728363600,435.85,0.17,00,2024-10-08
1728367200,436.02,0.17,01,2024-10-08
1728370800,436.19,0.17,02,2024-10-08
1728374400,436.36,0.17,03,2024-10-08
1728378000,436.52,0.16,04,2024-10-08
1728381600,436.69,0.17,05,2024-10-08
1728385200,436.86,0.17,06,2024-10-08
1728388800,437.03,0.17,07,2024-10-08
1728392400,437.20,0.17,08,2024-10-08
1728396000,437.37,0.17,09,2024-10-08
1728399600,437.54,0.17,10,2024-10-08
1728403200,437.71,0.17,11,2024-10-08
1728406800,437.95,0.24,12,2024-10-08
1728410400,438.20,0.25,13,2024-10-08
1728414000,438.45,0.25,14,2024-10-08
1728417600,438.74,0.29,15,2024-10-08
1728421200,439.04,0.3,16,2024-10-08
1728424800,439.33,0.29,17,2024-10-08
1728428400,439.62,0.29,18,2024-10-08
1728432000,439.91,0.29,19,2024-10-08
1728435600,440.21,0.3,20,2024-10-08
1728439200,440.50,0.29,21,2024-10-08
1728442800,440.79,0.29,22,2024-10-08
1728446400,441.09,0.3,23,2024-10-08
1728450000,441.24,0.15,00,2024-10-09
1728453600,441.29,0.05,01,2024-10-09
1728457200,441.35,0.06,02,2024-10-09
1728460800,441.41,0.06,03,2024-10-09
1728464400,441.47,0.06,04,2024-10-09
1728468000,441.53,0.06,05,2024-10-09
1728471600,441.59,0.06,06,2024-10-09
1728475200,441.65,0.06,07,2024-10-09
1728478800,441.71,0.06,08,2024-10-09
1728482400,441.77,0.06,09,2024-10-09
1728486000,441.92,0.15,10,2024-10-09
1728489600,442.21,0.29,11,2024-10-09
1728493200,442.51,0.3,12,2024-10-09
1728496800,442.80,0.29,13,2024-10-09
1728500400,443.06,0.26,14,2024-10-09
1728504000,443.32,0.26,15,2024-10-09
1728507600,443.57,0.25,16,2024-10-09
1728511200,443.83,0.26,17,2024-10-09
1728514800,444.09,0.26,18,2024-10-09
1728518400,444.35,0.26,19,2024-10-09
1728522000,444.57,0.22,20,2024-10-09
1728525600,444.73,0.16,21,2024-10-09
1728529200,444.89,0.16,22,2024-10-09
1728532800,445.05,0.16,23,2024-10-09
1728536400,445.21,0.16,00,2024-10-10
1728540000,445.37,0.16,01,2024-10-10
1728543600,445.53,0.16,02,2024-10-10
1728547200,445.69,0.16,03,2024-10-10
1728550800,445.85,0.16,04,2024-10-10
1728554400,446.02,0.17,05,2024-10-10
1728558000,446.18,0.16,06,2024-10-10
1728561600,446.34,0.16,07,2024-10-10
1728565200,446.50,0.16,08,2024-10-10
1728568800,446.66,0.16,09,2024-10-10
1728572400,446.77,0.11,10,2024-10-10
1728576000,446.87,0.1,11,2024-10-10
1728579600,446.97,0.1,12,2024-10-10
1728583200,447.06,0.09,13,2024-10-10
1728586800,447.16,0.1,14,2024-10-10
1728590400,447.26,0.1,15,2024-10-10
1728594000,447.35,0.09,16,2024-10-10
1728597600,447.45,0.1,17,2024-10-10
1728601200,447.63,0.18,18,2024-10-10
1728604800,447.89,0.26,19,2024-10-10
1728608400,448.15,0.26,20,2024-10-10
1728612000,448.42,0.27,21,2024-10-10
1728615600,448.68,0.26,22,2024-10-10
1728619200,448.94,0.26,23,2024-10-10
1728622800,449.21,0.27,00,2024-10-11
1728626400,449.36,0.15,01,2024-10-11
1728630000,449.45,0.09,02,2024-10-11
1728633600,449.53,0.08,03,2024-10-11
1728637200,449.62,0.09,04,2024-10-11
1728640800,449.71,0.09,05,2024-10-11
1728644400,449.80,0.09,06,2024-10-11
1728648000,449.88,0.08,07,2024-10-11
1728651600,449.97,0.09,08,2024-10-11
1728655200,450.06,0.09,09,2024-10-11
1728658800,450.15,0.09,10,2024-10-11
1728662400,450.31,0.16,11,2024-10-11
1728666000,450.59,0.28,12,2024-10-11
1728669600,450.86,0.27,13,2024-10-11
1728673200,451.13,0.27,14,2024-10-11
1728676800,451.41,0.28,15,2024-10-11
1728680400,451.68,0.27,16,2024-10-11
1728684000,451.94,0.26,17,2024-10-11
1728687600,452.12,0.18,18,2024-10-11
1728691200,452.30,0.18,19,2024-10-11
1728694800,452.48,0.18,20,2024-10-11
1728698400,452.66,0.18,21,2024-10-11
1728702000,452.84,0.18,22,2024-10-11
1728705600,453.02,0.18,23,2024-10-11
1728709200,453.20,0.18,00,2024-10-12
1728712800,453.38,0.18,01,2024-10-12
1728716400,453.56,0.18,02,2024-10-12
1728720000,453.74,0.18,03,2024-10-12
1728723600,453.91,0.17,04,2024-10-12
1728727200,454.09,0.18,05,2024-10-12
1728730800,454.27,0.18,06,2024-10-12
1728734400,454.45,0.18,07,2024-10-12
1728738000,454.63,0.18,08,2024-10-12
1728741600,454.81,0.18,09,2024-10-12
1728745200,454.98,0.17,10,2024-10-12
1728748800,455.14,0.16,11,2024-10-12
1728752400,455.29,0.15,12,2024-10-12
1728756000,455.44,0.15,13,2024-10-12
1728759600,455.60,0.16,14,2024-10-12
1728763200,455.75,0.15,15,2024-10-12
1728766800,455.91,0.16,16,2024-10-12
1728770400,456.06,0.15,17,2024-10-12
1728774000,456.22,0.16,18,2024-10-12
1728777600,456.37,0.15,19,2024-10-12
1728781200,456.53,0.16,20,2024-10-12
1728784800,456.68,0.15,21,2024-10-12
1728788400,456.83,0.15,22,2024-10-12
1728792000,456.99,0.16,23,2024-10-12
1728795600,457.14,0.15,00,2024-10-13
1728799200,457.30,0.16,01,2024-10-13
1728802800,457.45,0.15,02,2024-10-13
1728806400,457.61,0.16,03,2024-10-13
1728810000,457.76,0.15,04,2024-10-13
1728813600,457.92,0.16,05,2024-10-13
1728817200,458.07,0.15,06,2024-10-13
1728820800,458.22,0.15,07,2024-10-13
1728824400,458.38,0.16,08,2024-10-13
1728828000,458.53,0.15,09,2024-10-13
1728831600,458.67,0.14,10,2024-10-13
1728835200,458.78,0.11,11,2024-10-13
1728838800,458.89,0.11,12,2024-10-13
1728842400,459.01,0.12,13,2024-10-13
1728846000,459.12,0.11,14,2024-10-13
1728849600,459.24,0.12,15,2024-10-13
1728853200,459.35,0.11,16,2024-10-13
1728856800,459.47,0.12,17,2024-10-13
1728860400,459.58,0.11,18,2024-10-13
1728864000,459.70,0.12,19,2024-10-13
1728867600,459.81,0.11,20,2024-10-13
1728871200,459.92,0.11,21,2024-10-13
1728874800,460.04,0.12,22,2024-10-13
1728878400,460.15,0.11,23,2024-10-13
1728882000,460.27,0.12,00,2024-10-14
1728885600,460.38,0.11,01,2024-10-14
1728889200,460.50,0.12,02,2024-10-14
1728892800,460.61,0.11,03,2024-10-14
1728896400,460.72,0.11,04,2024-10-14
1728900000,460.84,0.12,05,2024-10-14
1728903600,460.95,0.11,06,2024-10-14
1728907200,461.07,0.12,07,2024-10-14
1728910800,461.18,0.11,08,2024-10-14
1728914400,461.30,0.12,09,2024-10-14
1728918000,461.41,0.11,10,2024-10-14
1728921600,461.53,0.12,11,2024-10-14
1728925200,461.64,0.11,12,2024-10-14
1728928800,461.75,0.11,13,2024-10-14
1728932400,461.87,0.12,14,2024-10-14
1728936000,461.98,0.11,15,2024-10-14
1728939600,462.10,0.12,16,2024-10-14
1728943200,462.21,0.11,17,2024-10-14
1728946800,462.33,0.12,18,2024-10-14
1728950400,462.44,0.11,19,2024-10-14
1728954000,462.56,0.12,20,2024-10-14
1728957600,462.67,0.11,21,2024-10-14
1728961200,462.78,0.11,22,2024-10-14
1728964800,462.90,0.12,23,2024-10-14
1728968400,463.01,0.11,00,2024-10-15
1728972000,463.13,0.12,01,2024-10-15
1728975600,463.24,0.11,02,2024-10-15
1728979200,463.36,0.12,03,2024-10-15
1728982800,463.47,0.11,04,2024-10-15
1728986400,463.58,0.11,05,2024-10-15
1728990000,463.70,0.12,06,2024-10-15
1728993600,463.81,0.11,07,2024-10-15
1728997200,463.93,0.12,08,2024-10-15
1729000800,464.04,0.11,09,2024-10-15
1729004400,464.16,0.12,10,2024-10-15
1729008000,464.27,0.11,11,2024-10-15
1729011600,464.39,0.12,12,2024-10-15
1729015200,464.50,0.11,13,2024-10-15
1729018800,464.61,0.11,14,2024-10-15
1729022400,464.73,0.12,15,2024-10-15
1729026000,464.84,0.11,16,2024-10-15
1729029600,464.96,0.12,17,2024-10-15
1729033200,465.07,0.11,18,2024-10-15
1729036800,465.19,0.12,19,2024-10-15
1729040400,465.30,0.11,20,2024-10-15
1729044000,465.42,0.12,21,2024-10-15
1729047600,465.53,0.11,22,2024-10-15
1729051200,465.64,0.11,23,2024-10-15
1729054800,465.76,0.12,00,2024-10-16
1729058400,465.87,0.11,01,2024-10-16
1729062000,465.99,0.12,02,2024-10-16
1729065600,466.10,0.11,03,2024-10-16
1729069200,466.22,0.12,04,2024-10-16
1729072800,466.33,0.11,05,2024-10-16
1729076400,466.44,0.11,06,2024-10-16
1729080000,466.56,0.12,07,2024-10-16
1729083600,466.67,0.11,08,2024-10-16
1729087200,466.79,0.12,09,2024-10-16
1729090800,466.90,0.11,10,2024-10-16
1729094400,467.03,0.13,11,2024-10-16
1729098000,467.23,0.2,12,2024-10-16
1729101600,467.48,0.25,13,2024-10-16
1729105200,467.69,0.21,14,2024-10-16
1729108800,467.84,0.15,15,2024-10-16
1729112400,468.00,0.16,16,2024-10-16
1729116000,468.16,0.16,17,2024-10-16
1729119600,468.32,0.16,18,2024-10-16
1729123200,468.47,0.15,19,2024-10-16
1729126800,468.63,0.16,20,2024-10-16
1729130400,468.79,0.16,21,2024-10-16
1729134000,468.95,0.16,22,2024-10-16
1729137600,469.10,0.15,23,2024-10-16
1729141200,469.26,0.16,00,2024-10-17
1729144800,469.42,0.16,01,2024-10-17
1729148400,469.58,0.16,02,2024-10-17
1729152000,469.74,0.16,03,2024-10-17
1729155600,469.89,0.15,04,2024-10-17
1729159200,470.05,0.16,05,2024-10-17
1729162800,470.21,0.16,06,2024-10-17
1729166400,470.37,0.16,07,2024-10-17
1729170000,470.52,0.15,08,2024-10-17
1729173600,470.68,0.16,09,2024-10-17
1729177200,470.84,0.16,10,2024-10-17
1729180800,471.00,0.16,11,2024-10-17
1729184400,471.15,0.15,12,2024-10-17
1729188000,471.31,0.16,13,2024-10-17
1729191600,471.47,0.16,14,2024-10-17
1729195200,471.63,0.16,15,2024-10-17
1729198800,471.78,0.15,16,2024-10-17
1729202400,471.94,0.16,17,2024-10-17
1729206000,472.10,0.16,18,2024-10-17
1729209600,472.26,0.16,19,2024-10-17
1729213200,472.41,0.15,20,2024-10-17
1729216800,472.57,0.16,21,2024-10-17
1729220400,472.73,0.16,22,2024-10-17
1729224000,472.89,0.16,23,2024-10-17
1729227600,473.04,0.15,00,2024-10-18
1729231200,473.20,0.16,01,2024-10-18
1729234800,473.36,0.16,02,2024-10-18
1729238400,473.52,0.16,03,2024-10-18
1729242000,473.67,0.15,04,2024-10-18
1729245600,473.83,0.16,05,2024-10-18
1729249200,473.99,0.16,06,2024-10-18
1729252800,474.15,0.16,07,2024-10-18
1729256400,474.31,0.16,08,2024-10-18
1729260000,474.46,0.15,09,2024-10-18
1729263600,474.62,0.16,10,2024-10-18
1729267200,474.78,0.16,11,2024-10-18
1729270800,474.97,0.19,12,2024-10-18
1729274400,475.27,0.3,13,2024-10-18
1729278000,475.57,0.3,14,2024-10-18
1729281600,475.87,0.3,15,2024-10-18
1729285200,476.08,0.21,16,2024-10-18
1729288800,476.27,0.19,17,2024-10-18
1729292400,476.47,0.2,18,2024-10-18
1729296000,476.67,0.2,19,2024-10-18
1729299600,476.86,0.19,20,2024-10-18
1729303200,477.06,0.2,21,2024-10-18
1729306800,477.26,0.2,22,2024-10-18
1729310400,477.45,0.19,23,2024-10-18
1729314000,477.65,0.2,00,2024-10-19
1729317600,477.84,0.19,01,2024-10-19
1729321200,478.04,0.2,02,2024-10-19
1729324800,478.24,0.2,03,2024-10-19
1729328400,478.43,0.19,04,2024-10-19
1729332000,478.63,0.2,05,2024-10-19
1729335600,478.83,0.2,06,2024-10-19
1729339200,479.02,0.19,07,2024-10-19
1729342800,479.22,0.2,08,2024-10-19
1729346400,479.42,0.2,09,2024-10-19
1729350000,479.58,0.16,10,2024-10-19
1729353600,479.73,0.15,11,2024-10-19
1729357200,479.88,0.15,12,2024-10-19
1729360800,480.03,0.15,13,2024-10-19
1729364400,480.18,0.15,14,2024-10-19
1729368000,480.33,0.15,15,2024-10-19
1729371600,480.48,0.15,16,2024-10-19
1729375200,480.63,0.15,17,2024-10-19
1729378800,480.77,0.14,18,2024-10-19
1729382400,480.92,0.15,19,2024-10-19
1729386000,481.15,0.23,20,2024-10-19
1729389600,481.48,0.33,21,2024-10-19
1729393200,481.80,0.32,22,2024-10-19
1729396800,482.12,0.32,23,2024-10-19
1729400400,482.44,0.32,00,2024-10-20
1729404000,482.76,0.32,01,2024-10-20
1729407600,482.89,0.13,02,2024-10-20
1729411200,483.00,0.11,03,2024-10-20
1729414800,483.10,0.1,04,2024-10-20
1729418400,483.21,0.11,05,2024-10-20
1729422000,483.31,0.1,06,2024-10-20
1729425600,483.42,0.11,07,2024-10-20
1729429200,483.52,0.1,08,2024-10-20
1729432800,483.63,0.11,09,2024-10-20
1729436400,483.73,0.1,10,2024-10-20
1729440000,483.84,0.11,11,2024-10-20
1729443600,484.02,0.18,12,2024-10-20
1729447200,484.31,0.29,13,2024-10-20
1729450800,484.60,0.29,14,2024-10-20
1729454400,484.89,0.29,15,2024-10-20
1729458000,485.18,0.29,16,2024-10-20
1729461600,485.41,0.23,17,2024-10-20
1729465200,485.61,0.2,18,2024-10-20
1729468800,485.81,0.2,19,2024-10-20
1729472400,486.01,0.2,20,2024-10-20
1729476000,486.20,0.19,21,2024-10-20
1729479600,486.40,0.2,22,2024-10-20
1729483200,486.60,0.2,23,2024-10-20
1729486800,486.80,0.2,00,2024-10-21
1729490400,486.99,0.19,01,2024-10-21
1729494000,487.19,0.2,02,2024-10-21
1729497600,487.39,0.2,03,2024-10-21
1729501200,487.59,0.2,04,2024-10-21
1729504800,487.78,0.19,05,2024-10-21
1729508400,487.98,0.2,06,2024-10-21
1729512000,488.18,0.2,07,2024-10-21
1729515600,488.38,0.2,08,2024-10-21
1729519200,488.54,0.16,09,2024-10-21
1729522800,488.66,0.12,10,2024-10-21
1729526400,488.77,0.11,11,2024-10-21
1729530000,488.89,0.12,12,2024-10-21
1729533600,489.01,0.12,13,2024-10-21
1729537200,489.12,0.11,14,2024-10-21
1729540800,489.24,0.12,15,2024-10-21
1729544400,489.35,0.11,16,2024-10-21
1729548000,489.47,0.12,17,2024-10-21
1729551600,489.58,0.11,18,2024-10-21
1729555200,489.70,0.12,19,2024-10-21
1729558800,489.82,0.12,20,2024-10-21
1729562400,489.93,0.11,21,2024-10-21
1729566000,490.05,0.12,22,2024-10-21
1729569600,490.16,0.11,23,2024-10-21
1729573200,490.28,0.12,00,2024-10-22
1729576800,490.39,0.11,01,2024-10-22
1729580400,490.51,0.12,02,2024-10-22
1729584000,490.63,0.12,03,2024-10-22
1729587600,490.74,0.11,04,2024-10-22
1729591200,490.86,0.12,05,2024-10-22
1729594800,490.97,0.11,06,2024-10-22
1729598400,491.09,0.12,07,2024-10-22
1729602000,491.20,0.11,08,2024-10-22
1729605600,491.32,0.12,09,2024-10-22
1729609200,491.43,0.11,10,2024-10-22
1729612800,491.55,0.12,11,2024-10-22
1729616400,491.67,0.12,12,2024-10-22
1729620000,491.78,0.11,13,2024-10-22
1729623600,491.90,0.12,14,2024-10-22
1729627200,492.01,0.11,15,2024-10-22
1729630800,492.13,0.12,16,2024-10-22
1729634400,492.24,0.11,17,2024-10-22
1729638000,492.36,0.12,18,2024-10-22
1729641600,492.63,0.27,19,2024-10-22
1729645200,492.97,0.34,20,2024-10-22
1729648800,493.32,0.35,21,2024-10-22
1729652400,493.67,0.35,22,2024-10-22
1729656000,494.01,0.34,23,2024-10-22
1729659600,494.36,0.35,00,2024-10-23
1729663200,494.59,0.23,01,2024-10-23
1729666800,494.74,0.15,02,2024-10-23
1729670400,494.89,0.15,03,2024-10-23
1729674000,495.04,0.15,04,2024-10-23
1729677600,495.19,0.15,05,2024-10-23
1729681200,495.34,0.15,06,2024-10-23
1729684800,495.50,0.16,07,2024-10-23
1729688400,495.65,0.15,08,2024-10-23
1729692000,495.80,0.15,09,2024-10-23
1729695600,495.95,0.15,10,2024-10-23
1729699200,496.10,0.15,11,2024-10-23
1729702800,496.25,0.15,12,2024-10-23
1729706400,496.40,0.15,13,2024-10-23
1729710000,496.55,0.15,14,2024-10-23
1729713600,496.70,0.15,15,2024-10-23
1729717200,496.86,0.16,16,2024-10-23
1729720800,497.01,0.15,17,2024-10-23
1729724400,497.20,0.19,18,2024-10-23
1729728000,497.38,0.18,19,2024-10-23
1729731600,497.57,0.19,20,2024-10-23
1729735200,497.76,0.19,21,2024-10-23
1729738800,497.95,0.19,22,2024-10-23
1729742400,498.13,0.18,23,2024-10-23
1729746000,498.32,0.19,00,2024-10-24
1729749600,498.51,0.19,01,2024-10-24
1729753200,498.69,0.18,02,2024-10-24
1729756800,498.88,0.19,03,2024-10-24
1729760400,499.07,0.19,04,2024-10-24
1729764000,499.26,0.19,05,2024-10-24
1729767600,499.44,0.18,06,2024-10-24
1729771200,499.63,0.19,07,2024-10-24
1729774800,499.82,0.19,08,2024-10-24
1729778400,500.01,0.19,09,2024-10-24
1729782000,500.19,0.18,10,2024-10-24
1729785600,500.38,0.19,11,2024-10-24
1729789200,500.57,0.19,12,2024-10-24
1729792800,500.76,0.19,13,2024-10-24
1729796400,500.94,0.18,14,2024-10-24
1729800000,501.13,0.19,15,2024-10-24
1729803600,501.31,0.18,16,2024-10-24
1729807200,501.50,0.19,17,2024-10-24
1729810800,501.68,0.18,18,2024-10-24
1729814400,501.87,0.19,19,2024-10-24
1729818000,502.05,0.18,20,2024-10-24
1729821600,502.23,0.18,21,2024-10-24
1729825200,502.42,0.19,22,2024-10-24
1729828800,502.60,0.18,23,2024-10-24
1729832400,502.79,0.19,00,2024-10-25
1729836000,502.97,0.18,01,2024-10-25
1729839600,503.16,0.19,02,2024-10-25
1729843200,503.34,0.18,03,2024-10-25
1729846800,503.53,0.19,04,2024-10-25
1729850400,503.71,0.18,05,2024-10-25
1729854000,503.90,0.19,06,2024-10-25
1729857600,504.08,0.18,07,2024-10-25
1729861200,504.26,0.18,08,2024-10-25
1729864800,504.45,0.19,09,2024-10-25
1729868400,504.61,0.16,10,2024-10-25
1729872000,504.69,0.08,11,2024-10-25
1729875600,504.77,0.08,12,2024-10-25
1729879200,504.84,0.07,13,2024-10-25
1729882800,504.92,0.08,14,2024-10-25
1729886400,505.00,0.08,15,2024-10-25
1729890000,505.08,0.08,16,2024-10-25
1729893600,505.31,0.23,17,2024-10-25
1729897200,505.62,0.31,18,2024-10-25
1729900800,505.94,0.32,19,2024-10-25
1729904400,506.25,0.31,20,2024-10-25
1729908000,506.56,0.31,21,2024-10-25
1729911600,506.87,0.31,22,2024-10-25
1729915200,507.18,0.31,23,2024-10-25
1729918800,507.49,0.31,00,2024-10-26
1729922400,507.64,0.15,01,2024-10-26
1729926000,507.70,0.06,02,2024-10-26
1729929600,507.76,0.06,03,2024-10-26
1729933200,507.82,0.06,04,2024-10-26
1729936800,507.88,0.06,05,2024-10-26
1729940400,507.94,0.06,06,2024-10-26
1729944000,508.00,0.06,07,2024-10-26
1729947600,508.06,0.06,08,2024-10-26
1729951200,508.11,0.05,09,2024-10-26
1729954800,508.17,0.06,10,2024-10-26
1729958400,508.36,0.19,11,2024-10-26
1729962000,508.65,0.29,12,2024-10-26
1729965600,508.93,0.28,13,2024-10-26
1729969200,509.22,0.29,14,2024-10-26
1729972800,509.51,0.29,15,2024-10-26
1729976400,509.79,0.28,16,2024-10-26
1729980000,510.08,0.29,17,2024-10-26
1729983600,510.35,0.27,18,2024-10-26
1729987200,510.58,0.23,19,2024-10-26
1729990800,510.80,0.22,20,2024-10-26
1729994400,511.02,0.22,21,2024-10-26
1729998000,511.22,0.2,22,2024-10-26
1730001600,511.34,0.12,23,2024-10-26
1730005200,511.45,0.11,00,2024-10-27
1730008800,511.57,0.12,01,2024-10-27
1730012400,511.68,0.11,02,2024-10-27
1730016000,511.80,0.12,03,2024-10-27
1730019600,511.91,0.11,04,2024-10-27
1730023200,512.03,0.12,05,2024-10-27
1730026800,512.14,0.11,06,2024-10-27
1730030400,512.26,0.12,07,2024-10-27
1730034000,512.37,0.11,08,2024-10-27
1730037600,512.49,0.12,09,2024-10-27
1730041200,512.60,0.11,10,2024-10-27
1730044800,512.67,0.07,11,2024-10-27
1730048400,512.74,0.07,12,2024-10-27
1730052000,512.82,0.08,13,2024-10-27
1730055600,512.89,0.07,14,2024-10-27
1730059200,512.96,0.07,15,2024-10-27
1730062800,513.03,0.07,16,2024-10-27
1730066400,513.11,0.08,17,2024-10-27
1730070000,513.40,0.29,18,2024-10-27
1730073600,513.69,0.29,19,2024-10-27
1730077200,513.98,0.29,20,2024-10-27
1730080800,514.25,0.27,21,2024-10-27
1730084400,514.52,0.27,22,2024-10-27
1730088000,514.79,0.27,23,2024-10-27
1730091600,515.06,0.27,00,2024-10-28
1730095200,515.15,0.09,01,2024-10-28
1730098800,515.21,0.06,02,2024-10-28
1730102400,515.27,0.06,03,2024-10-28
1730106000,515.34,0.07,04,2024-10-28
1730109600,515.40,0.06,05,2024-10-28
1730113200,515.46,0.06,06,2024-10-28
1730116800,515.52,0.06,07,2024-10-28
1730120400,515.58,0.06,08,2024-10-28
1730124000,515.64,0.06,09,2024-10-28
1730127600,515.70,0.06,10,2024-10-28
1730131200,515.76,0.06,11,2024-10-28
1730134800,515.82,0.06,12,2024-10-28
1730138400,515.88,0.06,13,2024-10-28
1730142000,515.95,0.07,14,2024-10-28
1730145600,516.01,0.06,15,2024-10-28
1730149200,516.07,0.06,16,2024-10-28
1730152800,516.18,0.11,17,2024-10-28
1730156400,516.34,0.16,18,2024-10-28
1730160000,516.50,0.16,19,2024-10-28
1730163600,516.66,0.16,20,2024-10-28
1730167200,516.82,0.16,21,2024-10-28
1730170800,516.98,0.16,22,2024-10-28
1730174400,517.14,0.16,23,2024-10-28
1730178000,517.31,0.17,00,2024-10-29
1730181600,517.47,0.16,01,2024-10-29
1730185200,517.63,0.16,02,2024-10-29
1730188800,517.79,0.16,03,2024-10-29
1730192400,517.95,0.16,04,2024-10-29
1730196000,518.11,0.16,05,2024-10-29
1730199600,518.27,0.16,06,2024-10-29
1730203200,518.44,0.17,07,2024-10-29
1730206800,518.60,0.16,08,2024-10-29
1730210400,518.76,0.16,09,2024-10-29
1730214000,519.02,0.26,10,2024-10-29
1730217600,519.30,0.28,11,2024-10-29
1730221200,519.59,0.29,12,2024-10-29
1730224800,519.88,0.29,13,2024-10-29
1730228400,520.17,0.29,14,2024-10-29
1730232000,520.46,0.29,15,2024-10-29
1730235600,520.76,0.3,16,2024-10-29
1730239200,521.05,0.29,17,2024-10-29
1730242800,521.35,0.3,18,2024-10-29
1730246400,521.64,0.29,19,2024-10-29
1730250000,521.94,0.3,20,2024-10-29
1730253600,522.24,0.3,21,2024-10-29
1730257200,522.53,0.29,22,2024-10-29
1730260800,522.83,0.3,23,2024-10-29
1730264400,522.96,0.13,00,2024-10-30
1730268000,523.04,0.08,01,2024-10-30
1730271600,523.11,0.07,02,2024-10-30
1730275200,523.19,0.08,03,2024-10-30
1730278800,523.27,0.08,04,2024-10-30
1730282400,523.35,0.08,05,2024-10-30
1730286000,523.43,0.08,06,2024-10-30
1730289600,523.50,0.07,07,2024-10-30
1730293200,523.58,0.08,08,2024-10-30
1730296800,523.66,0.08,09,2024-10-30
1730300400,523.74,0.08,10,2024-10-30
1730304000,523.86,0.12,11,2024-10-30
1730307600,524.15,0.29,12,2024-10-30
1730311200,524.44,0.29,13,2024-10-30
1730314800,524.69,0.25,14,2024-10-30
1730318400,524.89,0.2,15,2024-10-30
1730322000,525.05,0.16,16,2024-10-30
1730325600,525.20,0.15,17,2024-10-30
1730329200,525.36,0.16,18,2024-10-30
1730332800,525.52,0.16,19,2024-10-30
1730336400,525.67,0.15,20,2024-10-30
1730340000,525.83,0.16,21,2024-10-30
1730343600,525.99,0.16,22,2024-10-30
1730347200,526.14,0.15,23,2024-10-30
1730350800,526.30,0.16,00,2024-10-31
1730354400,526.46,0.16,01,2024-10-31
1730358000,526.61,0.15,02,2024-10-31
1730361600,526.77,0.16,03,2024-10-31
1730365200,526.93,0.16,04,2024-10-31
1730368800,527.08,0.15,05,2024-10-31
1730372400,527.24,0.16,06,2024-10-31
1730376000,527.40,0.16,07,2024-10-31
1730379600,527.55,0.15,08,2024-10-31
1730383200,527.71,0.16,09,2024-10-31
